mapblklot,analysis_neighborhood
0655041,Pacific Heights
7174009,Outer Mission
3702392,South of Market
1552024,Inner Richmond
4227045,Potrero Hill
1231011,Haight Ashbury
1686023,Outer Richmond
6594043,Noe Valley
3180238,West of Twin Peaks
1447020,Outer Richmond
3747332,Financial District/South Beach
3911014,Mission Bay
3521298,Mission
3786013,South of Market
1419040,Outer Richmond
3732272,South of Market
1267005,Haight Ashbury
5557010,Bernal Heights
0915014,Marina
3547054,Mission
7178001,Oceanview/Merced/Ingleside
3640102,Mission
5535039,Bernal Heights
3180498,West of Twin Peaks
0931036,Marina
3638069,Mission
0314005,Financial District/South Beach
2716049,Twin Peaks
1008003A,Presidio Heights
0814023,Tenderloin
3588049P,Mission
3789028,Financial District/South Beach
5448006,Portola
4596016,Bayview Hunters Point
1087005,Lone Mountain/USF
4805016,Bayview Hunters Point
9900001,Financial District/South Beach
0041001,North Beach
3616087,Mission
2854046,Twin Peaks
0911017,Marina
5556017,Bernal Heights
6998049,Oceanview/Merced/Ingleside
0840023,Hayes Valley
3615087,Mission
1073020,Presidio Heights
0645038,Nob Hill
1734039,Inner Sunset
0300025,Nob Hill
1149010,Lone Mountain/USF
6200068,Visitacion Valley
6665066,Glen Park
5713046,Bernal Heights
4755047,Bayview Hunters Point
3833016,Mission Bay
2696009,Castro/Upper Market
4040025,Potrero Hill
1246012,Haight Ashbury
0187020,Russian Hill
3748007,Financial District/South Beach
1624006,Outer Richmond
1275A029,Inner Sunset
3533166,Mission
3773291,Financial District/South Beach
4041011,Potrero Hill
1047004,Presidio Heights
0436E033,Marina
3616005,Mission
3505054,Mission
0342042,Tenderloin
3502078,Mission
1256025,Haight Ashbury
0825019,Hayes Valley
3953006,Mission Bay
1155015,Western Addition
1421031,Inner Richmond
3773010,Financial District/South Beach
2690027,Castro/Upper Market
6726013,Glen Park
6617018,Noe Valley
4143018,Mission
3647031,Mission
1140002,Lone Mountain/USF
0072024,Russian Hill
2611021,Castro/Upper Market
7151028,Oceanview/Merced/Ingleside
6121019,Portola
1241020,Haight Ashbury
0089050,North Beach
4052003,Potrero Hill
6374037,Visitacion Valley
3639039,Mission
6954040,Outer Mission
0700027,Japantown
4031043,Potrero Hill
0847014,Haight Ashbury
3703101,South of Market
5828013,Bernal Heights
3736A001,Financial District/South Beach
4104057,Potrero Hill
8711228,Mission Bay
0814251,Tenderloin
0619051,Russian Hill
3719019,Financial District/South Beach
5611033,Bernal Heights
0665039,Western Addition
4052006,Potrero Hill
4591D116,Bayview Hunters Point
0275011,Nob Hill
7166024,Outer Mission
2830008,Noe Valley
5027002,Bayview Hunters Point
7174031,Outer Mission
1939039,Treasure Island
4828041,Bayview Hunters Point
4756046,Bayview Hunters Point
3726044,South of Market
3703340,South of Market
0866005,Haight Ashbury
1023041,Pacific Heights
0318023,Tenderloin
8715005,Mission Bay
4022029,Mission
0280032,Nob Hill
3776101,South of Market
1223019,Haight Ashbury
1511001,Outer Richmond
5054ACOMB,Bayview Hunters Point
1304014,Seacliff
0512041,Marina
0300001A,Nob Hill
3730291,South of Market
3180770,West of Twin Peaks
0306029,Tenderloin
4591D026,Bayview Hunters Point
5250022,Bayview Hunters Point
1705001,Sunset/Parkside
0604001,Pacific Heights
4591C675,Bayview Hunters Point
0809014,Hayes Valley
3519106,South of Market
0162026,North Beach
2400051,Sunset/Parkside
3521095,Mission
3706075,Financial District/South Beach
4142051,Mission
0256086,Nob Hill
7331118,Lakeshore
3755256,South of Market
1153020,Western Addition
6969020,Outer Mission
3180199,West of Twin Peaks
6272051,Excelsior
3994001B,Potrero Hill
4008008,Potrero Hill
1150053,Lone Mountain/USF
7046025,Oceanview/Merced/Ingleside
1158029,Lone Mountain/USF
2691009,Castro/Upper Market
3732018,South of Market
0419A007,Marina
2949A076,West of Twin Peaks
0652007A,Pacific Heights
5290012,Bayview Hunters Point
3735047,Financial District/South Beach
3757144,South of Market
4591C146,Bayview Hunters Point
0692030,Nob Hill
3987010,Potrero Hill
1246010,Haight Ashbury
4591C095,Bayview Hunters Point
2630066,Inner Sunset
5992A048,Portola
6553011,Noe Valley
3501010,Mission
3741047,Financial District/South Beach
1152007,Western Addition
3502149,Mission
1176075,Lone Mountain/USF
8727010,Potrero Hill
7308003,Lakeshore
4845004,Bayview Hunters Point
4991743,Bayview Hunters Point
3594131,Mission
3626009,Noe Valley
3728069,South of Market
5896061,Excelsior
2041026,Inner Sunset
3642061,Mission
5501058,Bernal Heights
3721046,Financial District/South Beach
0775016,Western Addition
4097060,Potrero Hill
0930033,Marina
1742061,Inner Sunset
0066015,Russian Hill
4282AEASP,Potrero Hill
2800004,Twin Peaks
0334020,Tenderloin
2646046,Castro/Upper Market
0556023,Marina
3728198,South of Market
3548193,Mission
1148001,Lone Mountain/USF
0086056,North Beach
1197003,Lone Mountain/USF
4591C601,Bayview Hunters Point
4103055,Potrero Hill
7330009,Lakeshore
0550013,Russian Hill
1020010,Presidio Heights
3619146,Noe Valley
3994045,Potrero Hill
1268045,Haight Ashbury
4591C123,Bayview Hunters Point
3753142,South of Market
3833001,Mission Bay
3732562,South of Market
1758022,Inner Sunset
6617024,Noe Valley
4212012,Mission
0852005,Hayes Valley
8715208,Mission Bay
6511015,Mission
4587012,Bayview Hunters Point
0297015,Nob Hill
3732109,South of Market
0914048,Marina
1363042,Inner Richmond
6747029,Outer Mission
1028030,Pacific Heights
1433070,Inner Richmond
3834004,Mission Bay
1939038,Treasure Island
0793034,Hayes Valley
2690020,Castro/Upper Market
2636COMD,Inner Sunset
3615014,Mission
4591C227,Bayview Hunters Point
4161021,Potrero Hill
8711033,Mission Bay
1939017,Treasure Island
0524052,Russian Hill
2613002A,Castro/Upper Market
0158040,Nob Hill
1939100,Treasure Island
0846015,Haight Ashbury
1765034,Inner Sunset
1154051,Western Addition
4591C130,Bayview Hunters Point
2630017,Inner Sunset
0335026,Tenderloin
1406009,Outer Richmond
3622083,Noe Valley
1410021,Outer Richmond
0732023,Western Addition
4045004,Potrero Hill
0709027,Western Addition
5677022,Bernal Heights
2626030,Castro/Upper Market
4084006,Mission
3617122,Mission
4011008,Potrero Hill
3597056,Mission
0535004E,Marina
0655034,Pacific Heights
3984035,Potrero Hill
0814021,Tenderloin
0828006,Hayes Valley
6597049,Bernal Heights
1939170,Treasure Island
0853022,Hayes Valley
0558041,Marina
6548004,Noe Valley
1200002,Hayes Valley
4884029,Bayview Hunters Point
1819001A,Sunset/Parkside
3630023,Noe Valley
3752155,South of Market
1939097,Treasure Island
0512025,Marina
3732008,South of Market
3532101,Mission
6527050,Mission
4591D040,Bayview Hunters Point
0846039,Haight Ashbury
0718011,Tenderloin
6718032,Glen Park
0336019,Tenderloin
2715008,Twin Peaks
3965053,Mission
2764042,Twin Peaks
0766014,Tenderloin
0761030,Western Addition
1939146,Treasure Island
0269026,Financial District/South Beach
8719A002,Mission Bay
3995183,Potrero Hill
1219016,Haight Ashbury
2713018,Castro/Upper Market
3774189,Financial District/South Beach
1168036,Lone Mountain/USF
4008002,Potrero Hill
7052041,Oceanview/Merced/Ingleside
1163026,Lone Mountain/USF
4605018,Bayview Hunters Point
6356067,Visitacion Valley
3622074,Noe Valley
0120087,Russian Hill
6615014,Noe Valley
1255076A,Haight Ashbury
1187006C,Lone Mountain/USF
6566003,Noe Valley
3649018,Noe Valley
3561047,Castro/Upper Market
1764010,Inner Sunset
1011020,Presidio Heights
3585036,Castro/Upper Market
0569023,Pacific Heights
0348130,Tenderloin
2936B019,West of Twin Peaks
4591D027,Bayview Hunters Point
4228078,Potrero Hill
0141008,Financial District/South Beach
1115012,Lone Mountain/USF
0271028,Financial District/South Beach
1193006,Lone Mountain/USF
0776021,Western Addition
3507043,South of Market
6208028,Visitacion Valley
3641010B,Mission
1801047,Sunset/Parkside
4598016,Bayview Hunters Point
1802004C,Sunset/Parkside
3533004,Mission
6361013,Visitacion Valley
0926008,Marina
3648034,Mission
3753021,South of Market
1630013B,Outer Richmond
0530024,Marina
7065055,Outer Mission
3953005,Mission Bay
1609025,Outer Richmond
0976011,Pacific Heights
7174004,Outer Mission
3575004,Mission
1231002,Haight Ashbury
6468019,Excelsior
0189019C,Nob Hill
0184065,Russian Hill
4149020,Mission
2622014,Castro/Upper Market
3554027,Mission
3574054,Mission
3613010,Mission
0837009,Hayes Valley
1766027,Inner Sunset
3614036,Mission
5000037,Bayview Hunters Point
0700022,Japantown
4003009,Potrero Hill
4347A002,Bayview Hunters Point
4043005,Potrero Hill
0183011,Nob Hill
4827019,Bayview Hunters Point
4114007,Potrero Hill
1417044,Outer Richmond
4912025,Bayview Hunters Point
1048041,Pacific Heights
2395017,Sunset/Parkside
3731015,South of Market
4271041,Mission
3616060,Mission
1939015,Treasure Island
3708060,Financial District/South Beach
8721036,Mission Bay
1765047,Inner Sunset
1013019,Presidio Heights
3617018,Mission
0729047,Western Addition
5045002,Bayview Hunters Point
3533046,Mission
3958008,Mission Bay
0314011,Financial District/South Beach
0557019,Marina
4805006,Bayview Hunters Point
1431029,Inner Richmond
6428002,Excelsior
2690029,Castro/Upper Market
5557027,Bernal Heights
1939154,Treasure Island
3649009,Noe Valley
1174019,Lone Mountain/USF
3556068,Mission
6614031,Noe Valley
1274018,Inner Sunset
3649054,Noe Valley
0849022B,Hayes Valley
6635054,Bernal Heights
0217016,Russian Hill
0298012,Nob Hill
2611029,Castro/Upper Market
3753105,South of Market
6051019,Portola
5423A008,Bayview Hunters Point
2648009,Castro/Upper Market
3604013,Castro/Upper Market
4224011,Potrero Hill
3585058,Castro/Upper Market
2649032,Castro/Upper Market
1014052,Presidio Heights
5334017,Bayview Hunters Point
4244007,Potrero Hill
0983024,Presidio Heights
1402060,Outer Richmond
1687024,Outer Richmond
4591C218,Bayview Hunters Point
7174007,Outer Mission
2999B039,West of Twin Peaks
3752072,South of Market
5517066,Bernal Heights
4591C110,Bayview Hunters Point
5710051,Bernal Heights
4096101,Potrero Hill
0065056,North Beach
6583015B,Noe Valley
3941035,Potrero Hill
4271040,Mission
3601115,Castro/Upper Market
0190011,Nob Hill
3591010,Mission
0534013,Marina
4102065,Potrero Hill
5992A060,Portola
1082037,Presidio Heights
1736042,Inner Sunset
4016004,Mission
5421003,Bayview Hunters Point
1241010,Haight Ashbury
3628035,Noe Valley
7380023,Lakeshore
3511187,Mission
1193111,Lone Mountain/USF
6504034,Noe Valley
3725098,South of Market
2656008,Castro/Upper Market
4591D096,Bayview Hunters Point
1127038,Western Addition
4142004,Mission
3583082,Castro/Upper Market
1145A025,Lone Mountain/USF
1334001,Seacliff
5260040,Bayview Hunters Point
4591A085,Bayview Hunters Point
7295034,Lakeshore
0345033,Tenderloin
0504002C,Marina
0269022,Financial District/South Beach
0637065,Pacific Heights
1924013,Sunset/Parkside
0121033,Russian Hill
3784080,South of Market
0550029,Russian Hill
1431030,Inner Richmond
1081003,Presidio Heights
6956080,Outer Mission
6753067,Outer Mission
3617058,Mission
4813022,Bayview Hunters Point
2393048,Sunset/Parkside
3638104,Mission
1195001B,Lone Mountain/USF
0506043,Marina
1187005,Lone Mountain/USF
1241011,Haight Ashbury
4591D055,Bayview Hunters Point
0838095,Hayes Valley
2378033,Sunset/Parkside
4283BEASO,Potrero Hill
0439A015,Marina
1021005,Presidio Heights
2081033,Sunset/Parkside
1159004,Lone Mountain/USF
3545010,Mission
1204034,Hayes Valley
6597008,Bernal Heights
VACSTMIN,South of Market
0951003,Marina
1246021,Haight Ashbury
3623009,Noe Valley
6361032,Visitacion Valley
5745062,Bernal Heights
4081074,Mission
1156018,Western Addition
6208030,Visitacion Valley
0621023,Nob Hill
4075023,Potrero Hill
6973037,Outer Mission
1739036,Inner Sunset
4078001,Mission
1663016,Outer Richmond
3154071,Outer Mission
0189037,Nob Hill
1939107,Treasure Island
3707029,Financial District/South Beach
2658087,Castro/Upper Market
3603021,Castro/Upper Market
1100029,Western Addition
2043002,Inner Sunset
4991608,Bayview Hunters Point
7113068,Oceanview/Merced/Ingleside
3600005B,Castro/Upper Market
6633029,Noe Valley
1272026,Haight Ashbury
1049033,Pacific Heights
6548001,Noe Valley
6616012,Noe Valley
5386001,Bayview Hunters Point
5000029,Bayview Hunters Point
2623100,Castro/Upper Market
4596002,Bayview Hunters Point
3995163,Potrero Hill
4591A076,Bayview Hunters Point
4591C597,Bayview Hunters Point
4082009,Mission
0436F008,Marina
2772016,Noe Valley
4587024,Bayview Hunters Point
0679028,Pacific Heights
3511049,Mission
1149006,Lone Mountain/USF
8711007,Mission Bay
6564011,Noe Valley
0939017,Marina
4591C196,Bayview Hunters Point
6579019,Noe Valley
1183006,Hayes Valley
3589103,Mission
2616001,Haight Ashbury
6948027,Oceanview/Merced/Ingleside
4871012,Bayview Hunters Point
4890011,Bayview Hunters Point
4868015,Bayview Hunters Point
4868024,Bayview Hunters Point
4870012,Bayview Hunters Point
4869001,Bayview Hunters Point
4871002,Bayview Hunters Point
4868011,Bayview Hunters Point
4870005,Bayview Hunters Point
4870024,Bayview Hunters Point
4871023,Bayview Hunters Point
4871019,Bayview Hunters Point
4890008,Bayview Hunters Point
4890001,Bayview Hunters Point
4868017,Bayview Hunters Point
4871018,Bayview Hunters Point
4871011,Bayview Hunters Point
4868020,Bayview Hunters Point
4890013,Bayview Hunters Point
4867024,Bayview Hunters Point
4868022A,Bayview Hunters Point
4871022,Bayview Hunters Point
4868022,Bayview Hunters Point
4870017,Bayview Hunters Point
4868018,Bayview Hunters Point
4868004,Bayview Hunters Point
4871017,Bayview Hunters Point
4870010,Bayview Hunters Point
4890012,Bayview Hunters Point
4871020,Bayview Hunters Point
4871005,Bayview Hunters Point
4868001,Bayview Hunters Point
4890003,Bayview Hunters Point
4890014,Bayview Hunters Point
4868006,Bayview Hunters Point
4870018,Bayview Hunters Point
4868021,Bayview Hunters Point
4868005,Bayview Hunters Point
4870008,Bayview Hunters Point
4868012,Bayview Hunters Point
4870007,Bayview Hunters Point
4870019,Bayview Hunters Point
4870021,Bayview Hunters Point
4890007,Bayview Hunters Point
4868008,Bayview Hunters Point
4870006,Bayview Hunters Point
4868007,Bayview Hunters Point
4890002,Bayview Hunters Point
4871009,Bayview Hunters Point
4871008,Bayview Hunters Point
4890004,Bayview Hunters Point
4871010,Bayview Hunters Point
4870020,Bayview Hunters Point
4871007,Bayview Hunters Point
4870023,Bayview Hunters Point
4871006,Bayview Hunters Point
4890006,Bayview Hunters Point
4871021,Bayview Hunters Point
4868019,Bayview Hunters Point
4890005,Bayview Hunters Point
4868003,Bayview Hunters Point
4870011,Bayview Hunters Point
4868014,Bayview Hunters Point
4868009,Bayview Hunters Point
4870009,Bayview Hunters Point
4868016,Bayview Hunters Point
4870022,Bayview Hunters Point
4871004,Bayview Hunters Point
4868010,Bayview Hunters Point
4871024,Bayview Hunters Point
4890010,Bayview Hunters Point
4868023,Bayview Hunters Point
4871001,Bayview Hunters Point
4871003,Bayview Hunters Point
4890009,Bayview Hunters Point
4868002,Bayview Hunters Point
0494024,Marina
6521010,Mission
1730001C,Sunset/Parkside
9900041H,North Beach
1432037,Inner Richmond
1417022,Outer Richmond
1763019C,Inner Sunset
8715003,Mission Bay
1112021,Lone Mountain/USF
3598033,Mission
3721080,Financial District/South Beach
7330011,Lakeshore
5992A073,Portola
8936001,Treasure Island
1663028A,Outer Richmond
7331044,Lakeshore
5610A037,Bernal Heights
6590036,Noe Valley
1197021,Lone Mountain/USF
1415016B,Outer Richmond
3774123,Financial District/South Beach
5871008,Excelsior
0660031,Pacific Heights
8927002,Treasure Island
0830003,Hayes Valley
5045003,Bayview Hunters Point
7549007,Glen Park
1939040,Treasure Island
2622046,Castro/Upper Market
0931019,Marina
1182009,Hayes Valley
2623039,Castro/Upper Market
0521007,Marina
3588019,Mission
0208065,Chinatown
0914002,Marina
5336001,Bayview Hunters Point
3513037A,Mission
3537031,Castro/Upper Market
1639018,Inner Richmond
1458015,Outer Richmond
2400063,Sunset/Parkside
0147021,Chinatown
2631073,Inner Sunset
9900003,Financial District/South Beach
8702004,Mission Bay
1212005,Lone Mountain/USF
5046005,Bayview Hunters Point
3505033,Mission
6545009,Noe Valley
1668023,Outer Richmond
3725126,South of Market
0914081,Marina
1193048,Lone Mountain/USF
3582121,Castro/Upper Market
4071016,Potrero Hill
3180004,West of Twin Peaks
4849001,Bayview Hunters Point
1939113,Treasure Island
0937007,Marina
0832093,Hayes Valley
6537026,Noe Valley
0285019,Financial District/South Beach
2844009,Twin Peaks
1924012,Sunset/Parkside
1661010,Outer Richmond
3537165,Castro/Upper Market
4591D025,Bayview Hunters Point
0068032,Russian Hill
1742005,Inner Sunset
3603072,Castro/Upper Market
1152031,Western Addition
4347010,Bayview Hunters Point
6753062,Outer Mission
4591D019,Bayview Hunters Point
1221052,Haight Ashbury
1766002,Inner Sunset
8906004,Treasure Island
1450047,Outer Richmond
0982002,Pacific Heights
3780110,South of Market
0930005,Marina
2406031A,Sunset/Parkside
6526022,Mission
1380003,Outer Richmond
1255048,Haight Ashbury
3736077,Financial District/South Beach
1217034,Haight Ashbury
6554006,Noe Valley
0459063,Marina
2751041,Castro/Upper Market
3555048,Mission
4591D031,Bayview Hunters Point
1344022,Seacliff
4217021,Potrero Hill
1546010A,Inner Richmond
3703079,South of Market
2386057,Sunset/Parkside
1939019,Treasure Island
0860078,Hayes Valley
5335ACOML,Bayview Hunters Point
0464A010,Marina
1134011,Lone Mountain/USF
7331093,Lakeshore
4591D060,Bayview Hunters Point
2987A002,West of Twin Peaks
1250014,Haight Ashbury
1267095,Haight Ashbury
3520009,South of Market
2607107,Castro/Upper Market
3656063,Noe Valley
3503004,Mission
3568050,Mission
4175005,Potrero Hill
2653030,Castro/Upper Market
6652022,Glen Park
0814009,Tenderloin
0603021,Pacific Heights
0629021C,Pacific Heights
3941021,Potrero Hill
3510201,South of Market
2620015,Castro/Upper Market
6612024,Noe Valley
0757025,Western Addition
5062007,Bayview Hunters Point
3154038,Outer Mission
4102062,Potrero Hill
0855103,Hayes Valley
0098013,Russian Hill
0533038,Marina
3600042,Castro/Upper Market
5952002,Excelsior
2619087,Castro/Upper Market
3549096,Mission
2048044,Inner Sunset
4295008,Bayview Hunters Point
3594015,Mission
0793040,Hayes Valley
7331036,Lakeshore
3572036,Mission
1152011,Western Addition
0182061,Nob Hill
1266061,Inner Sunset
0351032,Tenderloin
0793079,Hayes Valley
1939050,Treasure Island
3589105,Mission
6504031,Noe Valley
0740011,Tenderloin
3615107,Mission
5745010,Bernal Heights
3728025,South of Market
0196018,Chinatown
1564001C,Outer Richmond
6208021,Visitacion Valley
0868073,Hayes Valley
5529047,Bernal Heights
6663001,Glen Park
0281020,Nob Hill
1036023,Presidio Heights
4059002A,Potrero Hill
0477017,Russian Hill
6513043,Mission
4844022,Bayview Hunters Point
4591D137,Bayview Hunters Point
0282004B,Nob Hill
4591C226,Bayview Hunters Point
0935018,Marina
4208008,Mission
6472022,Excelsior
5387009,Bayview Hunters Point
2715083,Twin Peaks
2094004,Sunset/Parkside
2623003,Castro/Upper Market
0830030,Hayes Valley
6361014,Visitacion Valley
0588028,Pacific Heights
0297010,Nob Hill
0761066,Western Addition
1174037,Lone Mountain/USF
0868008A,Hayes Valley
3730078,South of Market
0822025,Hayes Valley
1450008,Outer Richmond
5745030,Bernal Heights
1251015,Haight Ashbury
4791007A,Bayview Hunters Point
8709006,Mission Bay
3639115,Mission
2409062,West of Twin Peaks
3154058,Outer Mission
3568069,Mission
1175005,Lone Mountain/USF
3211057,Outer Mission
1223024,Haight Ashbury
0519008,Marina
1629022,Outer Richmond
4217031,Potrero Hill
1939176,Treasure Island
5000042,Bayview Hunters Point
1293003,Inner Sunset
3576195,Mission
1750016,Inner Sunset
3577043,Mission
0872005,Hayes Valley
2755017C,Twin Peaks
6923031,West of Twin Peaks
3638087,Mission
3595012,Mission
3753703,South of Market
3545093,Mission
4336009,Mission
0282018,Nob Hill
4045003B,Potrero Hill
7074006,Oceanview/Merced/Ingleside
0031003,North Beach
1250003,Haight Ashbury
0126061,Nob Hill
6601004A,Noe Valley
0100035,Russian Hill
0067010,Russian Hill
2737COM,Inner Sunset
1044018,Presidio Heights
0512091,Marina
4045002,Potrero Hill
3721053,Financial District/South Beach
8722007,Mission Bay
0749004,Western Addition
0848002E,Hayes Valley
5633003,Bernal Heights
4605003,Bayview Hunters Point
3578069,Mission
7114042,Oceanview/Merced/Ingleside
1149035,Lone Mountain/USF
2719013,Castro/Upper Market
0149017,Nob Hill
0546012E,Marina
1681006O,Outer Richmond
4099061,Potrero Hill
0155062,Russian Hill
3584081,Castro/Upper Market
3517038,South of Market
1939055,Treasure Island
1147019,Lone Mountain/USF
1924007,Sunset/Parkside
0044002A,Russian Hill
1190001G,Lone Mountain/USF
1198062,Lone Mountain/USF
6665027A,Glen Park
2702016,Castro/Upper Market
4912023,Bayview Hunters Point
4262003,Mission
7155043,Outer Mission
3580069,Castro/Upper Market
0503014,Marina
4143003,Mission
6594031,Noe Valley
0546012C,Marina
4763055,Bayview Hunters Point
0488A058,Marina
1734057,Inner Sunset
0336018,Tenderloin
8930002,Treasure Island
2046013,Inner Sunset
4912016,Bayview Hunters Point
6520030,Mission
7541009,Glen Park
4591C046,Bayview Hunters Point
0601001,Pacific Heights
0919001L,Marina
2516016,Sunset/Parkside
3941042,Potrero Hill
0517051,Marina
5017020,Bayview Hunters Point
7153008A,Outer Mission
8954183,Treasure Island
0526003,Russian Hill
3561027,Castro/Upper Market
6951008B,Outer Mission
1149029,Lone Mountain/USF
2650081,Castro/Upper Market
4087043,Mission
1369066,Inner Richmond
3589056,Mission
6800046,Outer Mission
1193045,Lone Mountain/USF
5641005,Bernal Heights
4052009,Potrero Hill
3180215,West of Twin Peaks
6423007,Excelsior
4591C117,Bayview Hunters Point
0507053,Marina
1087020,Lone Mountain/USF
6637027C,Noe Valley
1275043A,Inner Sunset
6356065,Visitacion Valley
4591A082,Bayview Hunters Point
3745011,Financial District/South Beach
1521012,Outer Richmond
1272020,Haight Ashbury
3641072,Mission
3564045,Castro/Upper Market
1003041,Pacific Heights
4579001,Bayview Hunters Point
4624444,Bayview Hunters Point
0166006,Financial District/South Beach
1376070,Outer Richmond
4913024,Bayview Hunters Point
0633017,Pacific Heights
2623038,Castro/Upper Market
5535032,Bernal Heights
6770023,West of Twin Peaks
3702037,South of Market
4037028,Potrero Hill
4067011,Potrero Hill
0681031,Japantown
6618038,Noe Valley
4587019,Bayview Hunters Point
5431A019,Bayview Hunters Point
5607043,Bernal Heights
4224033,Potrero Hill
4228079,Potrero Hill
2040039,Inner Sunset
0196029,Chinatown
5514038,Bernal Heights
2612018,Castro/Upper Market
1081028,Presidio Heights
5541028,Bernal Heights
5535033,Bernal Heights
6409005,Excelsior
0479009E,Marina
0662020,Pacific Heights
4700079,Bayview Hunters Point
1519015,Outer Richmond
1939026,Treasure Island
0681002,Japantown
0982080,Pacific Heights
1363006,Inner Richmond
0439A010,Marina
0834005,Hayes Valley
5000018,Bayview Hunters Point
3605077,Castro/Upper Market
4591C113,Bayview Hunters Point
0488A044,Marina
1939162,Treasure Island
3785001,Mission Bay
0339002,Tenderloin
8945003,Treasure Island
1279093,Haight Ashbury
1260023,Haight Ashbury
1288020,Haight Ashbury
5360018,Bayview Hunters Point
5550014B,Bernal Heights
2689017,Castro/Upper Market
1231026,Haight Ashbury
1109002A,Lone Mountain/USF
0858025,Hayes Valley
8707005,Mission Bay
6747028,Outer Mission
7326004,Lakeshore
0689002,Western Addition
0635022,Pacific Heights
0841030,Hayes Valley
6395013,Excelsior
0497007E,Marina
0089023,North Beach
0463A013,Marina
7331038,Lakeshore
1255064,Haight Ashbury
0477017A,Russian Hill
4598009,Bayview Hunters Point
0100013,Russian Hill
6969007M,Outer Mission
7135018,Oceanview/Merced/Ingleside
5350040,Bayview Hunters Point
3605146,Castro/Upper Market
6574001A,Bernal Heights
0918002K,Marina
0651022,Pacific Heights
3725077,South of Market
0875005,Hayes Valley
1664013,Outer Richmond
1176006,Lone Mountain/USF
5559005,Bayview Hunters Point
0306044,Tenderloin
5406013,Bayview Hunters Point
4591C610,Bayview Hunters Point
3521007,Mission
3517034,South of Market
5335ACOMI,Bayview Hunters Point
6745070,Glen Park
3590005,Mission
5657035,Bernal Heights
1439072,Inner Richmond
2698022,Castro/Upper Market
6564008,Noe Valley
3538008,Castro/Upper Market
4093016,Potrero Hill
5588A002A,Bayview Hunters Point
3612132,Mission
1273036,Haight Ashbury
7331020,Lakeshore
1432005,Inner Richmond
7331029,Lakeshore
0914005A,Marina
3509089,South of Market
3598049A,Mission
0271001C,Financial District/South Beach
3577015,Mission
1570011A,Outer Richmond
7331045,Lakeshore
0617009,Pacific Heights
3987015,Potrero Hill
1672039,Outer Richmond
2618046,Castro/Upper Market
3521055,Mission
0480029,Marina
1837032,Inner Sunset
0113017B,North Beach
0092044,Russian Hill
4244005,Potrero Hill
1026002,Pacific Heights
4586003,Bayview Hunters Point
9900200,Financial District/South Beach
2040001,Inner Sunset
4006010,Potrero Hill
1290009A,Inner Sunset
5000001,Bayview Hunters Point
4877003,Bayview Hunters Point
1402022,Outer Richmond
1187005A,Lone Mountain/USF
2707007,Twin Peaks
0460A017,Marina
3553048,Mission
3728194,South of Market
4206002A,Mission
6913A001,West of Twin Peaks
3180720,West of Twin Peaks
3977001G,Potrero Hill
0451006,Russian Hill
1177029,Lone Mountain/USF
7530COMA,Glen Park
3582083,Castro/Upper Market
0511064,Marina
1275003,Inner Sunset
2040040,Inner Sunset
3616053,Mission
3575120,Mission
1457035,Outer Richmond
1364023,Inner Richmond
5392015,Bayview Hunters Point
6601036,Noe Valley
1727006,Sunset/Parkside
6594003,Noe Valley
3616012,Mission
6131039,Portola
5825009,Bernal Heights
4591C210,Bayview Hunters Point
6750056,Outer Mission
3283190,West of Twin Peaks
0076005,North Beach
7331043,Lakeshore
3631035,Mission
6693001,Glen Park
6524039,Mission
4211044,Mission
3521025,Mission
0527004,Marina
0792021,Hayes Valley
6592076,Noe Valley
1515010C,Outer Richmond
7331026,Lakeshore
3547022,Mission
0822080,Hayes Valley
5550046,Bernal Heights
4161067,Potrero Hill
8946005,Treasure Island
3600076,Castro/Upper Market
4624454,Bayview Hunters Point
1253040,Haight Ashbury
2779007,Twin Peaks
3534069,Mission
1191028,Lone Mountain/USF
0282010,Nob Hill
0051010,North Beach
6565043,Noe Valley
6034034,Portola
3537067,Castro/Upper Market
0676036,Pacific Heights
1406030,Outer Richmond
3755088,South of Market
1537019,Inner Richmond
0854010,Hayes Valley
2622066,Castro/Upper Market
1158002,Lone Mountain/USF
0533011,Marina
7331035,Lakeshore
2034A011,Inner Sunset
6504035,Noe Valley
3634020A,Mission
5237041,Bayview Hunters Point
1197016,Lone Mountain/USF
3564207,Castro/Upper Market
0519026,Marina
1635019,Inner Richmond
1563003,Outer Richmond
1290014,Inner Sunset
3739011,Financial District/South Beach
8703001,Mission Bay
0807001B,Hayes Valley
1637012A,Inner Richmond
3617019,Mission
1289076,Inner Sunset
0330005,Tenderloin
2361036,Sunset/Parkside
0525025,Russian Hill
4572013,Bayview Hunters Point
4968036,Bayview Hunters Point
7346001,Lakeshore
1841034,Inner Sunset
2828038,Noe Valley
1249025,Haight Ashbury
5227001,Bayview Hunters Point
0097056,Russian Hill
2347004G,West of Twin Peaks
0689016,Western Addition
3779003,South of Market
1367013,Inner Richmond
1417004A,Outer Richmond
5435041,Portola
4645003,Bayview Hunters Point
4591C125,Bayview Hunters Point
1463032,Outer Richmond
4591C003,Bayview Hunters Point
3619060,Noe Valley
4591C605,Bayview Hunters Point
1542053,Inner Richmond
1836020,Inner Sunset
2540103,West of Twin Peaks
4104031,Potrero Hill
3581081,Castro/Upper Market
1232015,Haight Ashbury
5843018,Bernal Heights
3541009,Castro/Upper Market
4591C090,Bayview Hunters Point
3642015,Mission
3530046,Mission
8722001,Mission Bay
0054057,North Beach
1444035,Inner Richmond
2830013,Noe Valley
1212003,Lone Mountain/USF
0595013,Russian Hill
6521053,Mission
0700012,Japantown
6593027,Noe Valley
4008011,Potrero Hill
3977001A,Potrero Hill
1158018,Lone Mountain/USF
1227038,Haight Ashbury
0676009,Pacific Heights
3537089,Castro/Upper Market
0140009,Financial District/South Beach
6665054,Glen Park
0093001,Russian Hill
2618019,Castro/Upper Market
6569004,Mission
1279044,Haight Ashbury
2701044,Twin Peaks
9900015H,Financial District/South Beach
3609062,Mission
4008003,Potrero Hill
1543021,Inner Richmond
0151013,Nob Hill
0938006,Marina
3783001,South of Market
1286027A,Haight Ashbury
1452011,Outer Richmond
0819067,Hayes Valley
3144A027,Outer Mission
5025028,Bayview Hunters Point
0041019,North Beach
4024005,Mission
4711COMA,Bayview Hunters Point
1632017,Inner Richmond
3615044,Mission
4991PCLB,Bayview Hunters Point
5335ACOMK,Bayview Hunters Point
6691041,Bernal Heights
0822045,Hayes Valley
1800003,Sunset/Parkside
5322045,Bayview Hunters Point
7331028,Lakeshore
3753240,South of Market
4104068,Potrero Hill
2617022,Haight Ashbury
5526026,Bernal Heights
5232008,Bayview Hunters Point
4591C173,Bayview Hunters Point
3632023,Mission
2630018,Inner Sunset
9900274,Financial District/South Beach
1221029,Haight Ashbury
1610023,Outer Richmond
4591D073,Bayview Hunters Point
3621005,Noe Valley
1438017,Inner Richmond
0101032,Chinatown
6617027,Noe Valley
3564108,Castro/Upper Market
6567014,Mission
1344017,Seacliff
5240033,Bayview Hunters Point
7153048,Outer Mission
3901002,Mission
0585021,Pacific Heights
3967004,Mission
3779022A,South of Market
1286018,Haight Ashbury
5522053,Bernal Heights
1042014,Presidio Heights
1274026,Inner Sunset
4591D033,Bayview Hunters Point
5046014,Bayview Hunters Point
8711021,Mission Bay
6074035,Excelsior
6562061,Noe Valley
3750002,Financial District/South Beach
1642063,Inner Richmond
0950013,Marina
3538071,Castro/Upper Market
3714007,Financial District/South Beach
4591C198,Bayview Hunters Point
0572089,Russian Hill
7090018,Oceanview/Merced/Ingleside
3520086,South of Market
1179012,Western Addition
7074037,Oceanview/Merced/Ingleside
0636034,Pacific Heights
6208018,Visitacion Valley
0184031,Russian Hill
1625029,Outer Richmond
6501043,Noe Valley
1269107,Haight Ashbury
3612055,Mission
3702308,South of Market
3646005,Mission
1021031,Presidio Heights
3833006,Mission Bay
0247045,Nob Hill
3760123,South of Market
0014002,North Beach
8719002,Mission Bay
5203023,Bayview Hunters Point
1378029,Outer Richmond
3548174,Mission
8906001,Treasure Island
0521005,Marina
0133011,North Beach
0983007,Presidio Heights
5638018,Bernal Heights
7363001,Lakeshore
3537115,Castro/Upper Market
6411039,Excelsior
0220016,Nob Hill
0852003E,Hayes Valley
1739050,Inner Sunset
1481004,Lincoln Park
1252050,Haight Ashbury
1262012,Haight Ashbury
1709014B,Sunset/Parkside
4100079,Potrero Hill
8949001,Treasure Island
1082038,Presidio Heights
1313026,Outer Richmond
7153055,Outer Mission
1136020,Lone Mountain/USF
1671008M,Outer Richmond
3628005,Noe Valley
5667021,Bernal Heights
1173005,Lone Mountain/USF
7113054,Oceanview/Merced/Ingleside
4956010,Bayview Hunters Point
3544026,Castro/Upper Market
7331042,Lakeshore
4852017,Bayview Hunters Point
1363028,Inner Richmond
0861016,Haight Ashbury
1557005,Outer Richmond
7100020,Outer Mission
4022028,Mission
0866002,Haight Ashbury
1629019,Outer Richmond
6513030,Mission
3762125,South of Market
3547002,Mission
3581015,Castro/Upper Market
6504020,Noe Valley
0465A029,Marina
3746004,Financial District/South Beach
7179024,Oceanview/Merced/Ingleside
4009001I,Potrero Hill
5027001,Bayview Hunters Point
1765036,Inner Sunset
1857036,Inner Sunset
3585091,Castro/Upper Market
0550030,Russian Hill
0480003B,Marina
4991421,Bayview Hunters Point
4591D093,Bayview Hunters Point
3794004,Mission Bay
1030025,Presidio Heights
6723030,Outer Mission
0660013,Pacific Heights
4591C606,Bayview Hunters Point
0061023,North Beach
0866004,Haight Ashbury
1654041,Inner Richmond
7160002,Outer Mission
1709053,Sunset/Parkside
1528030,Outer Richmond
6723031,Outer Mission
3725132,South of Market
3570005,Mission
0511068,Marina
0503023,Marina
1924020,Sunset/Parkside
4591D047,Bayview Hunters Point
0480013,Marina
4272014,Mission
2628052,Castro/Upper Market
0223007,Nob Hill
6569051,Mission
3634009,Mission
4591C608,Bayview Hunters Point
3642042,Mission
3585094,Castro/Upper Market
6524015,Mission
1159026,Lone Mountain/USF
2129003,West of Twin Peaks
1428045,Inner Richmond
3732004,South of Market
8711024A,Mission Bay
4271030,Mission
1939054,Treasure Island
3619102,Noe Valley
0860030,Hayes Valley
0503027,Marina
1939022,Treasure Island
1153016,Western Addition
3548018,Mission
6519042,Mission
3604053A,Castro/Upper Market
7174052,Outer Mission
0845024,Haight Ashbury
3575058,Mission
4991OS7,Bayview Hunters Point
0114035,North Beach
3584082,Castro/Upper Market
5476021,Bayview Hunters Point
4112001,Potrero Hill
1644051,Inner Richmond
4622006,Bayview Hunters Point
1568031,Outer Richmond
3737023,Financial District/South Beach
0088030,North Beach
3540041,Castro/Upper Market
6510004,Noe Valley
1541052,Inner Richmond
5431A018,Bayview Hunters Point
5527017,Bernal Heights
0221032,Nob Hill
0085005A,North Beach
8704002,Mission Bay
7074045,Oceanview/Merced/Ingleside
1362011,Inner Richmond
6568011C,Mission
3613020,Mission
1259023,Haight Ashbury
3598072,Mission
7335002,Lakeshore
3567014,Mission
1771047,Inner Sunset
0149014,Nob Hill
3596058,Mission
7331CMI,Lakeshore
3961005,Mission
8904006,Treasure Island
0934009,Marina
0176003,Chinatown
6576009A,Noe Valley
3541023,Castro/Upper Market
1672032,Outer Richmond
3741031,Financial District/South Beach
3606045,Castro/Upper Market
0441A011,Marina
2612023,Castro/Upper Market
4171023,Potrero Hill
0311006,Financial District/South Beach
3727036,South of Market
3594041,Mission
6657001,Glen Park
6595016,Noe Valley
6462026,Excelsior
3541057,Castro/Upper Market
3561078,Castro/Upper Market
3632022,Mission
0987038,Presidio Heights
3530045,Mission
3541039,Castro/Upper Market
3727224,South of Market
7345001,Lakeshore
3547004,Mission
3508026,South of Market
1374020,Outer Richmond
0247051,Nob Hill
5806009A,Bernal Heights
4876001,Bayview Hunters Point
3752092,South of Market
2655003,Castro/Upper Market
2650025,Castro/Upper Market
7026012,Outer Mission
5054A098,Bayview Hunters Point
7308008,Lakeshore
4591C228,Bayview Hunters Point
4093011,Potrero Hill
3702390,South of Market
1332035,Seacliff
2769010A,Noe Valley
5044012,Bayview Hunters Point
4004033,Potrero Hill
1801034,Sunset/Parkside
6163038,McLaren Park
0565001,Pacific Heights
1129014,Western Addition
5474030,Bayview Hunters Point
0998007,Presidio Heights
1372031,Inner Richmond
4266033,Mission
2609056,Castro/Upper Market
1267053,Haight Ashbury
0027051,Russian Hill
0688036,Japantown
7148040,Oceanview/Merced/Ingleside
4335004A,Mission
5000010,Bayview Hunters Point
1288015,Haight Ashbury
0191017,Chinatown
5436012,Bayview Hunters Point
3537065,Castro/Upper Market
3720006,Financial District/South Beach
4591C115,Bayview Hunters Point
4172041,Potrero Hill
3721090,Financial District/South Beach
6747032,Outer Mission
5250015,Bayview Hunters Point
6563016,Noe Valley
4591D016,Bayview Hunters Point
2822022,Twin Peaks
3558051,Castro/Upper Market
1014034A,Presidio Heights
2406004,Sunset/Parkside
0862003,Haight Ashbury
7331113,Lakeshore
3595009,Mission
0347012,Tenderloin
6594045,Noe Valley
6600012C,Noe Valley
1162022,Lone Mountain/USF
4266002,Mission
4040034,Potrero Hill
1159001,Lone Mountain/USF
1939028,Treasure Island
2034A015,Inner Sunset
2626009A,Castro/Upper Market
1012065,Presidio Heights
3560025,Castro/Upper Market
3833005,Mission Bay
4591C004,Bayview Hunters Point
0027011,Russian Hill
4272018A,Mission
4106021,Potrero Hill
1048014,Pacific Heights
3521026,Mission
1939083,Treasure Island
3597043,Mission
3706115,Financial District/South Beach
4912022,Bayview Hunters Point
5827021,Bernal Heights
8953002,Treasure Island
5466029,Portola
1352010,Inner Richmond
3778021,South of Market
9900031,North Beach
4095037,Potrero Hill
1432040,Inner Richmond
3732149,South of Market
0506010,Marina
5673012,Bernal Heights
4116006,Potrero Hill
3534017D,Mission
0436F014,Marina
3596035,Mission
5518005,Bernal Heights
4224027,Potrero Hill
1765005,Inner Sunset
6567013,Mission
0600033,Pacific Heights
0840013,Hayes Valley
3570047C,Mission
1262021,Haight Ashbury
1572014C,Outer Richmond
3580002,Castro/Upper Market
5054A097,Bayview Hunters Point
1178020,Western Addition
3612057,Mission
2754003,Twin Peaks
1372038,Inner Richmond
4095034,Potrero Hill
6533008,Mission
0832025,Hayes Valley
5501095,Bernal Heights
3775218,Financial District/South Beach
5313031,Bayview Hunters Point
3705043,South of Market
6566017,Noe Valley
3639136,Mission
3705013,South of Market
6482044,Excelsior
1550019,Inner Richmond
1654008,Inner Richmond
4100047,Potrero Hill
1341017,Seacliff
4059002B,Potrero Hill
1040018,Presidio Heights
5550005A,Bernal Heights
6309057,Visitacion Valley
2745023,Twin Peaks
4030011,Potrero Hill
8721028,Mission Bay
1858029,Inner Sunset
5474024,Bayview Hunters Point
0101004,Chinatown
0252002,Nob Hill
0860046,Hayes Valley
4591D118,Bayview Hunters Point
1030041,Presidio Heights
1842026,Inner Sunset
1228015,Haight Ashbury
3707028,Financial District/South Beach
3071033,West of Twin Peaks
6513074,Mission
6205007,Visitacion Valley
2618030,Castro/Upper Market
1254064,Haight Ashbury
1446051,Outer Richmond
0493034,Marina
7530COMB,Glen Park
0928073,Marina
0507027,Marina
0516012,Marina
1174018,Lone Mountain/USF
1201012,Hayes Valley
4224061,Potrero Hill
6944042,Oceanview/Merced/Ingleside
0659029,Pacific Heights
4832012,Bayview Hunters Point
2801016,Noe Valley
1239022,Haight Ashbury
1162004,Lone Mountain/USF
0989031,Presidio Heights
3994003,Potrero Hill
3115002A,West of Twin Peaks
0549010,Russian Hill
3746669,Financial District/South Beach
9900040H,Mission Bay
7326012,Lakeshore
4939015,Bayview Hunters Point
VACSTBER,Bernal Heights
3589059,Mission
3562034,Castro/Upper Market
1235012,Haight Ashbury
4110013,Potrero Hill
5525027,Bernal Heights
1595143,Outer Richmond
1210024,Lone Mountain/USF
3707025,Financial District/South Beach
2623243,Castro/Upper Market
1549021,Inner Richmond
7364001,Lakeshore
3597038,Mission
3632038,Mission
4030019,Potrero Hill
2698003,Castro/Upper Market
1342005A,Seacliff
2631051,Inner Sunset
4148045,Mission
3565081,Castro/Upper Market
3180209,West of Twin Peaks
6652024,Glen Park
7360001,Lakeshore
8720001,Mission Bay
0189022,Nob Hill
5647005,Bernal Heights
4327A013,Bayview Hunters Point
1049016,Pacific Heights
4052011,Potrero Hill
1129122,Western Addition
0559038,Pacific Heights
5000002,Bayview Hunters Point
3502085,Mission
1383009,Outer Richmond
0566019,Pacific Heights
2778029,Twin Peaks
0220027,Nob Hill
4591C060,Bayview Hunters Point
1664024,Outer Richmond
4031026,Potrero Hill
2701036,Twin Peaks
3558058,Castro/Upper Market
4700121,Bayview Hunters Point
0314004,Financial District/South Beach
4624443,Bayview Hunters Point
0951029,Marina
3573025,Mission
5421008,Bayview Hunters Point
7359001,Lakeshore
6178047,Visitacion Valley
4283BCOMG,Potrero Hill
0941004,Marina
4591C147,Bayview Hunters Point
1460014B,Outer Richmond
6546037,Noe Valley
4113002,Potrero Hill
2618025A,Castro/Upper Market
6322009,Visitacion Valley
2772015,Noe Valley
8905002,Treasure Island
1288015A,Haight Ashbury
6688031,Bernal Heights
6740011,Glen Park
1333037,Seacliff
0691008,Nob Hill
1048027,Pacific Heights
1636013,Inner Richmond
2626007,Castro/Upper Market
3736083,Financial District/South Beach
1528049,Outer Richmond
4158047,Potrero Hill
2849014,Noe Valley
6959019,Outer Mission
0942014A,Marina
1732042,Inner Sunset
6565020,Noe Valley
1065041,Presidio Heights
5066B004,Bayview Hunters Point
2629023,Haight Ashbury
1456003,Outer Richmond
3649056,Noe Valley
1369001D,Inner Richmond
7331107,Lakeshore
3578067,Mission
3521096,Mission
0551036,Marina
1073019,Presidio Heights
4605023,Bayview Hunters Point
2712009,Castro/Upper Market
0775010,Western Addition
4095027,Potrero Hill
4039009,Potrero Hill
6685001,Glen Park
5713035,Bernal Heights
3180212,West of Twin Peaks
6617004,Noe Valley
0158010,Nob Hill
5965006,Excelsior
4171011,Potrero Hill
6620006,Noe Valley
1805040,Sunset/Parkside
6409008,Excelsior
1155033,Western Addition
2696025,Castro/Upper Market
1434002,Inner Richmond
6621030,Noe Valley
0991021,Presidio Heights
0533035,Marina
1168023,Lone Mountain/USF
5723030,Bernal Heights
0538018,Marina
3590066,Mission
4232018,Potrero Hill
6655026,Glen Park
0822010,Hayes Valley
1939049,Treasure Island
5054A106,Bayview Hunters Point
1636005A,Inner Richmond
4587011,Bayview Hunters Point
0856025,Hayes Valley
0346004,Tenderloin
3594009,Mission
1151023,Lone Mountain/USF
6361007,Visitacion Valley
3506008,Mission
4279030,Mission
5709018,Bernal Heights
7537059,Glen Park
0865002,Haight Ashbury
1709026,Sunset/Parkside
0213018,Nob Hill
3509045,South of Market
0115003,North Beach
3643044,Mission
7061056,Oceanview/Merced/Ingleside
1076020,Japantown
1924030,Sunset/Parkside
0685051,Japantown
5524076,Bernal Heights
4598013,Bayview Hunters Point
3730023,South of Market
3589091,Mission
5503027,Bernal Heights
2627008,Castro/Upper Market
1256003,Haight Ashbury
5611072,Bernal Heights
4282ACOMJ,Potrero Hill
0738017,Western Addition
3749053,Financial District/South Beach
6505043,Noe Valley
0858038,Hayes Valley
1388033,Seacliff
5000008,Bayview Hunters Point
3508051,South of Market
6528054,Mission
6720066,Bernal Heights
0970017,Presidio Heights
6620031,Noe Valley
0220023A,Nob Hill
3587110,Mission
1012063,Presidio Heights
0619009,Russian Hill
0441A001,Marina
6201037,Visitacion Valley
4224019,Potrero Hill
2618060,Castro/Upper Market
4605021,Bayview Hunters Point
3538032,Castro/Upper Market
4624032,Bayview Hunters Point
0844005,Haight Ashbury
6618007,Noe Valley
3965031,Mission
9900039H,North Beach
3600001C,Castro/Upper Market
1644017,Inner Richmond
2621014,Castro/Upper Market
2175019,Sunset/Parkside
3558020,Castro/Upper Market
1383016,Outer Richmond
5952004,Excelsior
1065004,Presidio Heights
1528023,Outer Richmond
6995050,Oceanview/Merced/Ingleside
4101035,Potrero Hill
7331CMD,Lakeshore
6656033,Glen Park
9900041,North Beach
0839005,Hayes Valley
5046013,Bayview Hunters Point
3104011,West of Twin Peaks
0086010,North Beach
3983035,Potrero Hill
0512006,Marina
4591C107,Bayview Hunters Point
3595042,Mission
5436014,Portola
2515002,Sunset/Parkside
0817033,Hayes Valley
3154025,Outer Mission
1141032,Lone Mountain/USF
4587013,Bayview Hunters Point
2648007,Castro/Upper Market
0939056,Marina
4052010,Potrero Hill
3721011,Financial District/South Beach
4591D114,Bayview Hunters Point
1207015,Lone Mountain/USF
0828048,Hayes Valley
7333A001,Lakeshore
1924018,Sunset/Parkside
1277001H,Haight Ashbury
6732001,Glen Park
1223013,Haight Ashbury
4572010,Bayview Hunters Point
1457036,Outer Richmond
1155031,Western Addition
1259005,Haight Ashbury
1084004,Lone Mountain/USF
1750006,Inner Sunset
1766024,Inner Sunset
6741020A,Glen Park
1010005,Presidio Heights
0657012,Pacific Heights
4067028,Potrero Hill
1149046,Lone Mountain/USF
1939179,Treasure Island
1064014,Presidio Heights
4591C091,Bayview Hunters Point
0657011D,Pacific Heights
1229019,Haight Ashbury
6663036,Glen Park
3588012,Mission
1209002,Lone Mountain/USF
7074038,Oceanview/Merced/Ingleside
3999010,Potrero Hill
1081025,Presidio Heights
7129049,Oceanview/Merced/Ingleside
7138006,Oceanview/Merced/Ingleside
4991610,Bayview Hunters Point
0992025,Presidio Heights
0700031,Japantown
4942048,Bayview Hunters Point
4094004,Potrero Hill
3757073,South of Market
4936019,Bayview Hunters Point
7380019,Lakeshore
0076002,North Beach
6513033,Mission
1939163,Treasure Island
3736066,Financial District/South Beach
4160052,Potrero Hill
3800003,Mission Bay
3572010,Mission
1713050,Sunset/Parkside
2923009,West of Twin Peaks
3725097,South of Market
3544017,Castro/Upper Market
7335003,Lakeshore
4606015,Bayview Hunters Point
1053014,Pacific Heights
4143012,Mission
5062005,Bayview Hunters Point
1280008,Haight Ashbury
4160004,Potrero Hill
1125002,Western Addition
3558039,Castro/Upper Market
6747027,Outer Mission
0700028,Japantown
4381001,Bayview Hunters Point
3820003,Mission Bay
5334013,Bayview Hunters Point
4037015,Potrero Hill
4208031,Mission
5545016,Bernal Heights
3534018,Mission
4318017,Bayview Hunters Point
6511020,Mission
1216014B,Hayes Valley
3521005,Mission
6745028,Glen Park
3703341,South of Market
2034A014,Inner Sunset
3726090,South of Market
3607025,Mission
1511013,Outer Richmond
5000021,Bayview Hunters Point
2769040,Noe Valley
0527001,Marina
0478065,Russian Hill
4152056,Mission
1205008,Hayes Valley
8944001,Treasure Island
1082013,Presidio Heights
3640025,Mission
5697036,Bernal Heights
7331CMQ,Lakeshore
2754042,Twin Peaks
0268015,Financial District/South Beach
3704002,South of Market
1435030,Inner Richmond
0651007,Pacific Heights
0222161,Nob Hill
1274030,Inner Sunset
4171006,Potrero Hill
3752093,South of Market
1939030,Treasure Island
7126A009,Oceanview/Merced/Ingleside
8931003,Treasure Island
3587068,Mission
3585076,Castro/Upper Market
3580076,Castro/Upper Market
0123037,Russian Hill
8721EASC,Mission Bay
0920005,Marina
3537116,Castro/Upper Market
2620106,Castro/Upper Market
6518031,Mission
5358028,Bayview Hunters Point
6615001A,Noe Valley
3617010,Mission
4093067,Potrero Hill
3736076,Financial District/South Beach
0512008,Marina
1754008,Inner Sunset
6192074,Visitacion Valley
5607062,Bayview Hunters Point
0026042,Russian Hill
4103040,Potrero Hill
1374059,Outer Richmond
1768026,Inner Sunset
1939116,Treasure Island
0031004,North Beach
4232021,Potrero Hill
0239028,Financial District/South Beach
2717041,Castro/Upper Market
0647009,Western Addition
2616059,Haight Ashbury
4089015,Mission
3573002,Mission
1632008K,Inner Richmond
0206005,Chinatown
8723001,Potrero Hill
4591D134,Bayview Hunters Point
3509078,South of Market
2607092,Castro/Upper Market
4266016,Mission
6632022,Noe Valley
0493001F,Marina
4591C001,Bayview Hunters Point
0587028,Pacific Heights
6690024,Glen Park
1530015B,Outer Richmond
1530003,Outer Richmond
6507009,Noe Valley
4591C197,Bayview Hunters Point
2050A010,Inner Sunset
4591BCOMC,Bayview Hunters Point
5559006,Bayview Hunters Point
3702054,South of Market
1639061,Inner Richmond
1256040,Haight Ashbury
3548032,Mission
4327A014,Bayview Hunters Point
3651027,Noe Valley
4264065,Mission
0217017,Russian Hill
3974003,Mission
0827026,Hayes Valley
3808002,Mission Bay
1939135,Treasure Island
1202010,Hayes Valley
2648012,Castro/Upper Market
3558048,Castro/Upper Market
3706275,Financial District/South Beach
0798006,Hayes Valley
4038026,Potrero Hill
0476031,Russian Hill
0827033,Hayes Valley
2645041,Castro/Upper Market
6515004,Mission
2473048,Sunset/Parkside
3558017,Castro/Upper Market
1403025,Outer Richmond
2819032,West of Twin Peaks
3705009,South of Market
3540008,Castro/Upper Market
5960027,Excelsior
1483033,Outer Richmond
5835058,Bernal Heights
5557028,Bernal Heights
2719B058,Castro/Upper Market
4591C085,Bayview Hunters Point
1424052,Inner Richmond
4036025,Potrero Hill
4598004,Bayview Hunters Point
0817065,Hayes Valley
0154006,Russian Hill
0729046,Western Addition
1639030,Inner Richmond
0436F004,Marina
1446007,Outer Richmond
3580035,Castro/Upper Market
2658057,Castro/Upper Market
4591C444,Bayview Hunters Point
4005003,Potrero Hill
3538156,Castro/Upper Market
3738013,Financial District/South Beach
6510029C,Noe Valley
1567044,Outer Richmond
1668027,Outer Richmond
6618022,Noe Valley
0793015,Hayes Valley
4172039,Potrero Hill
6312007,Visitacion Valley
6510048,Noe Valley
4852021,Bayview Hunters Point
3534025E,Mission
0062009,North Beach
6551003,Noe Valley
4030002,Potrero Hill
6574039,Bernal Heights
1055006,Presidio Heights
3962008,Mission
3570006,Mission
1664001B,Outer Richmond
2607035,Castro/Upper Market
5703032A,Bernal Heights
0071001,Russian Hill
0347015,Tenderloin
6471003A,Excelsior
1726051,Sunset/Parkside
0861036,Haight Ashbury
7534078,Glen Park
1549033,Inner Richmond
4287021,Bayview Hunters Point
4587021,Bayview Hunters Point
0041023,North Beach
0065022,North Beach
1939130,Treasure Island
7541020,Glen Park
5335ACOMB,Bayview Hunters Point
6951009D,Outer Mission
0742006,Tenderloin
3928015,Mission
0548023,Russian Hill
3651004,Noe Valley
1499033,Outer Richmond
8706002,Mission Bay
1828001D,Sunset/Parkside
4591D124,Bayview Hunters Point
8937001,Treasure Island
1159021,Lone Mountain/USF
0515011,Marina
4285B003,Potrero Hill
7544COM,Glen Park
0436E004,Marina
1924042,Sunset/Parkside
0506002,Marina
6594042,Noe Valley
6665023C,Glen Park
2607285,Castro/Upper Market
6772045,West of Twin Peaks
1409034,Outer Richmond
3719520,Financial District/South Beach
2698032A,Castro/Upper Market
1746001,Inner Sunset
2540008,West of Twin Peaks
6592049,Noe Valley
2750047,Castro/Upper Market
1837048,Inner Sunset
4956008,Bayview Hunters Point
7129045,Oceanview/Merced/Ingleside
1273017,Haight Ashbury
2004054,Sunset/Parkside
0101016,Chinatown
2715019,Twin Peaks
3537063,Castro/Upper Market
6361002,Visitacion Valley
6664032,Glen Park
2713021,Castro/Upper Market
6600037,Noe Valley
1371030,Inner Richmond
0652022,Pacific Heights
6755024,West of Twin Peaks
1379001,Outer Richmond
3748032,Financial District/South Beach
5044006,Bayview Hunters Point
6505026,Noe Valley
4093116,Potrero Hill
6311025,Visitacion Valley
4264033,Mission
3518038,South of Market
3541027,Castro/Upper Market
7153014,Outer Mission
0576010,Pacific Heights
3980008,Potrero Hill
0239027,Financial District/South Beach
3567071,Mission
5611020,Bernal Heights
6637028A,Noe Valley
0442A016,Marina
1533026,Inner Richmond
3507039,South of Market
1939001,Treasure Island
1163034,Lone Mountain/USF
6575002,Bernal Heights
2656043,Castro/Upper Market
4828036,Bayview Hunters Point
4787008B,Bayview Hunters Point
4598011,Bayview Hunters Point
0436F006,Marina
3511077,Mission
3588020,Mission
3651017,Noe Valley
7331112,Lakeshore
2629044,Haight Ashbury
0568071,Pacific Heights
3704009,South of Market
3702039,South of Market
0338024,Tenderloin
4591C043,Bayview Hunters Point
1049032,Pacific Heights
4094002,Potrero Hill
8719A005,Mission Bay
8938001,Treasure Island
1546014,Inner Richmond
0841032,Hayes Valley
3600001E,Castro/Upper Market
7353001,Lakeshore
7515ACOM,Noe Valley
3726047,South of Market
8722019,Mission Bay
3033033,West of Twin Peaks
3540067,Castro/Upper Market
8721EASB,Mission Bay
3541076,Castro/Upper Market
1089022,Lone Mountain/USF
3144B036B,Outer Mission
5054ACOMD,Bayview Hunters Point
3821007,Mission Bay
1939065,Treasure Island
5338048,Bayview Hunters Point
1835019,Inner Sunset
1247014,Haight Ashbury
6190033,Visitacion Valley
4720043,Bayview Hunters Point
3582064,Castro/Upper Market
0837003,Hayes Valley
3974028,Mission
1417029A,Outer Richmond
0515060,Marina
4262018,Mission
1854012E,Inner Sunset
1273016,Haight Ashbury
4232006,Potrero Hill
3541028,Castro/Upper Market
3727048,South of Market
3545002,Mission
1924015,Sunset/Parkside
3800001,Mission Bay
1457017,Outer Richmond
0956022,Pacific Heights
5046009,Bayview Hunters Point
0100017A,Russian Hill
1762005,Inner Sunset
4591D013,Bayview Hunters Point
0122027,Russian Hill
2766005,Noe Valley
1186007B,Lone Mountain/USF
3705048,South of Market
8901003,Treasure Island
0100026A,Russian Hill
4224005,Potrero Hill
1188001,Lone Mountain/USF
1188001C,Lone Mountain/USF
3618052,Mission
3588049D,Mission
1431065,Inner Richmond
0063008,North Beach
3560089,Castro/Upper Market
2993088,West of Twin Peaks
1652009A,Inner Richmond
1268009,Haight Ashbury
2807021,Noe Valley
3626002,Noe Valley
1663014,Outer Richmond
1839035,Inner Sunset
6621008,Noe Valley
6726053,Glen Park
6747006,Outer Mission
1043013,Presidio Heights
4283BCOMF,Potrero Hill
4110001,Potrero Hill
1233040,Haight Ashbury
1595145,Outer Richmond
1240013,Haight Ashbury
0633015,Pacific Heights
3564072,Castro/Upper Market
8705007,Mission Bay
1481012,Lincoln Park
1412017,Outer Richmond
0343002,Tenderloin
3633015,Mission
1675030,Outer Richmond
3035026,West of Twin Peaks
4217017,Potrero Hill
1641018,Inner Richmond
1402047,Outer Richmond
0846023,Haight Ashbury
0462A021,Marina
0497008,Marina
3721137,Financial District/South Beach
1239061,Haight Ashbury
1542005,Inner Richmond
4100071,Potrero Hill
1939046,Treasure Island
1731040,Sunset/Parkside
5016021,Bayview Hunters Point
4805007,Bayview Hunters Point
0074001,North Beach
4591C097,Bayview Hunters Point
6577017,Noe Valley
3511110,Mission
0846004,Haight Ashbury
1154021,Western Addition
2622067,Castro/Upper Market
3564004,Castro/Upper Market
4624445,Bayview Hunters Point
6693006,Glen Park
3765714,Financial District/South Beach
6551057,Noe Valley
1369044,Inner Richmond
3552052,Mission
0920003,Marina
1224025,Haight Ashbury
4232001,Potrero Hill
0191017A,Chinatown
8719C004,Mission Bay
6733A041,Glen Park
6654054,Glen Park
0562051,Pacific Heights
6616024,Noe Valley
1256046,Haight Ashbury
6600009,Noe Valley
3965021,Mission
4937005A,Bayview Hunters Point
2617A023,Haight Ashbury
7331023,Lakeshore
9900002,Financial District/South Beach
5005004,Bayview Hunters Point
2769003,Noe Valley
4991239,Bayview Hunters Point
8721023,Mission Bay
0346020,Tenderloin
0927020,Marina
4030010,Potrero Hill
1188007A,Lone Mountain/USF
6614009,Noe Valley
0849004,Hayes Valley
0481003,Marina
2034A023,Inner Sunset
4591D065,Bayview Hunters Point
5896022,Excelsior
3601044,Castro/Upper Market
0047002C,Russian Hill
VACSTHES1,Bayview Hunters Point
1562010,Outer Richmond
0525098,Russian Hill
1187006D,Lone Mountain/USF
4162019,Potrero Hill
0714002,Western Addition
4591A079,Bayview Hunters Point
6754A008,Outer Mission
0076056,North Beach
6404033,Excelsior
0918002D,Marina
0753038,Western Addition
7106050,Oceanview/Merced/Ingleside
4114003,Potrero Hill
3718025,Financial District/South Beach
0868110,Hayes Valley
3722068,Financial District/South Beach
8901002,Treasure Island
0922044,Marina
4591D104,Bayview Hunters Point
1846036,Inner Sunset
3511079,Mission
5335ACOMA,Bayview Hunters Point
1450142,Outer Richmond
1363038,Inner Richmond
0846013,Haight Ashbury
1216001F,Hayes Valley
0094007,Russian Hill
2607053,Castro/Upper Market
0254006,Nob Hill
4000027,Potrero Hill
6574015,Bernal Heights
0221166,Nob Hill
6582029,Noe Valley
4591C052,Bayview Hunters Point
3519101,South of Market
3607024,Mission
4700041,Bayview Hunters Point
1744006,Inner Sunset
6554038,Noe Valley
3633025,Mission
1188017,Lone Mountain/USF
3509026,South of Market
1532040,Inner Richmond
6121029,Portola
4956011,Bayview Hunters Point
3833002,Mission Bay
3505027,Mission
3538162,Castro/Upper Market
1652012,Inner Richmond
0821034,Hayes Valley
4208030,Mission
2400038,Sunset/Parkside
3762108,South of Market
4622013,Bayview Hunters Point
2648006,Castro/Upper Market
0096062,Russian Hill
1253018,Haight Ashbury
1657001A,Outer Richmond
3730075,South of Market
1188002F,Lone Mountain/USF
6582001,Noe Valley
1440031A,Inner Richmond
0466A039,Marina
3604015,Castro/Upper Market
2999B040,West of Twin Peaks
4591C062,Bayview Hunters Point
7361001,Lakeshore
4720042,Bayview Hunters Point
4100044,Potrero Hill
1251025,Haight Ashbury
2608012,Castro/Upper Market
0867034,Hayes Valley
8934006,Treasure Island
4715004,Bayview Hunters Point
0841002,Hayes Valley
4884038,Bayview Hunters Point
4072013,Potrero Hill
8711026A,Mission Bay
1258007,Haight Ashbury
6189031,Visitacion Valley
5557016,Bernal Heights
6202003,Visitacion Valley
2619074,Castro/Upper Market
5313034,Bayview Hunters Point
0740023,Tenderloin
3647006,Mission
1219006,Haight Ashbury
4991236,Bayview Hunters Point
3731066,South of Market
1158025,Lone Mountain/USF
3732005,South of Market
1049051,Pacific Heights
4086005,Mission
1193123,Lone Mountain/USF
0821027,Hayes Valley
0667016,Nob Hill
4591C603,Bayview Hunters Point
0864021,Haight Ashbury
5745042,Bernal Heights
5641024,Bernal Heights
0528008,Marina
0858016A,Hayes Valley
6632036,Noe Valley
4295013,Bayview Hunters Point
1218026,Haight Ashbury
4096033,Potrero Hill
1407059,Outer Richmond
0312011,Financial District/South Beach
3615029,Mission
3737025,Financial District/South Beach
3528006,Mission
4217036,Potrero Hill
7177046,Outer Mission
1253046,Haight Ashbury
4217037,Potrero Hill
2378039,Sunset/Parkside
7330013,Lakeshore
3967001,Mission
3590116,Mission
3564037,Castro/Upper Market
1193037,Lone Mountain/USF
3589100,Mission
1229035,Haight Ashbury
5868009,Excelsior
6665051,Glen Park
4100055,Potrero Hill
4937011,Bayview Hunters Point
0840016,Hayes Valley
1939014,Treasure Island
1827021,Sunset/Parkside
1272019A,Haight Ashbury
0612049,Pacific Heights
6409009,Excelsior
6741010,Glen Park
0418A014,Marina
6548026,Noe Valley
0502013,Russian Hill
4624044,Bayview Hunters Point
0807021A,Hayes Valley
1173001F,Lone Mountain/USF
4591C067,Bayview Hunters Point
5431A023,Bayview Hunters Point
8939001,Treasure Island
6356069,Visitacion Valley
1282023,Haight Ashbury
0566015A,Pacific Heights
9900275,Financial District/South Beach
7174028,Outer Mission
6083034,Excelsior
0957016,Pacific Heights
2698036,Castro/Upper Market
4622015,Bayview Hunters Point
5550054,Bernal Heights
3632064,Mission
4762026,Bayview Hunters Point
8715002,Mission Bay
4285B006,Potrero Hill
6509056,Noe Valley
4085022,Mission
6594018,Noe Valley
6524015A,Mission
5643021,Bernal Heights
0839054,Hayes Valley
3154039,Outer Mission
6655065,Glen Park
3600110,Castro/Upper Market
1413020,Outer Richmond
0927010,Marina
3612014,Mission
2649016,Castro/Upper Market
6532002,Mission
0652029,Pacific Heights
5076008,Bayview Hunters Point
1181001,Hayes Valley
4591C068,Bayview Hunters Point
0861003,Haight Ashbury
0256017,Nob Hill
4279027,Mission
0494020A,Marina
0166080,Financial District/South Beach
6309056,Visitacion Valley
1538004,Inner Richmond
4591C129,Bayview Hunters Point
7381CMB2,Lakeshore
0856024,Hayes Valley
5054A099,Bayview Hunters Point
1224019,Haight Ashbury
4591C045,Bayview Hunters Point
7104047,Oceanview/Merced/Ingleside
4591C175,Bayview Hunters Point
1472011C,Outer Richmond
6949013,Outer Mission
0694009A,Tenderloin
0453013,Russian Hill
1702026,Sunset/Parkside
5517052,Bernal Heights
0345004,Tenderloin
2041038,Inner Sunset
4606018,Bayview Hunters Point
1159011,Lone Mountain/USF
3765018,Financial District/South Beach
6574014,Bernal Heights
6732005,Glen Park
6613012,Noe Valley
3027A001,West of Twin Peaks
7381COMA,Lakeshore
1764021,Inner Sunset
0056006,North Beach
0196021,Chinatown
4591D105,Bayview Hunters Point
2046018,Inner Sunset
4591D010,Bayview Hunters Point
7331034,Lakeshore
4276029,Mission
3518039,South of Market
3180196,West of Twin Peaks
3612021,Mission
3941039,Potrero Hill
1451034,Outer Richmond
1640019,Inner Richmond
4849012,Bayview Hunters Point
4030001,Potrero Hill
3649008,Noe Valley
4624041,Bayview Hunters Point
2631045,Inner Sunset
9900038H,Mission Bay
7520034,Noe Valley
2755029,Twin Peaks
3609047,Mission
3587026,Mission
1639029,Inner Richmond
1279016,Haight Ashbury
5259002,Bayview Hunters Point
1541036,Inner Richmond
3154061,Outer Mission
6736033,Glen Park
1924032,Sunset/Parkside
0258006,Financial District/South Beach
6745063,Glen Park
3537059,Castro/Upper Market
4591C100,Bayview Hunters Point
0692014,Nob Hill
3555080,Mission
6564047,Noe Valley
6723012,Outer Mission
4884034,Bayview Hunters Point
5615072,Bernal Heights
4591D117,Bayview Hunters Point
4591C670,Bayview Hunters Point
4287015,Bayview Hunters Point
6592018,Noe Valley
0026037,Russian Hill
0806019,Hayes Valley
3777072,South of Market
0300012,Nob Hill
3011A001,West of Twin Peaks
4591D001,Bayview Hunters Point
0825021,Hayes Valley
2645035,Castro/Upper Market
3602043,Castro/Upper Market
7102023,Outer Mission
4349016,Bayview Hunters Point
5375061,Bayview Hunters Point
3747091,Financial District/South Beach
4876021,Bayview Hunters Point
3560008,Castro/Upper Market
1438016,Inner Richmond
3785008,Mission Bay
3808001,Mission Bay
1688042,Outer Richmond
0538017,Marina
3558034,Castro/Upper Market
0838035,Hayes Valley
5529053,Bernal Heights
4713ROW,Bayview Hunters Point
3730157,South of Market
4622003,Bayview Hunters Point
0809018A,Hayes Valley
1368011,Inner Richmond
3721054,Financial District/South Beach
2735COM,Inner Sunset
6569049,Mission
1364001,Inner Richmond
5545013,Bernal Heights
8931004,Treasure Island
3925007,Mission
6771040,West of Twin Peaks
1895047,Sunset/Parkside
0094002,Russian Hill
2689003,Castro/Upper Market
0860023,Hayes Valley
2634073,Inner Sunset
1155021,Western Addition
1159010,Lone Mountain/USF
0482028,Marina
4170011,Potrero Hill
3765715,Financial District/South Beach
0843067,Hayes Valley
1183022,Hayes Valley
3154073,Outer Mission
PARKCOSO,Bernal Heights
7174034,Outer Mission
1036017,Presidio Heights
7331025,Lakeshore
0535010,Marina
4653030,Bayview Hunters Point
3753038,South of Market
1277001F,Haight Ashbury
4044017,Potrero Hill
4591C124,Bayview Hunters Point
1226013,Haight Ashbury
0535002,Marina
4624031,Bayview Hunters Point
0501021,Russian Hill
2648084,Castro/Upper Market
6513011A,Mission
1441011,Inner Richmond
5335038,Bayview Hunters Point
6310006,Visitacion Valley
3765001,Financial District/South Beach
3561065F,Castro/Upper Market
4075018,Potrero Hill
4088040,Mission
1939052,Treasure Island
6548022,Noe Valley
0482045,Marina
3752024,South of Market
2034A009,Inner Sunset
7517COM,Noe Valley
0819014A,Hayes Valley
7335005,Lakeshore
1169034,Lone Mountain/USF
5015008,Bayview Hunters Point
4153019,Mission
5669012,Bernal Heights
3144B027,Outer Mission
5503008,Bernal Heights
1291012,Inner Sunset
4591D081,Bayview Hunters Point
4042002,Potrero Hill
2805004,Noe Valley
5614004,Bernal Heights
1636001G,Inner Richmond
7295023,Lakeshore
6660059,Bernal Heights
3721136,Financial District/South Beach
3732036,South of Market
6518020,Mission
1256058,Haight Ashbury
0480006,Marina
3520021,South of Market
6603035,Noe Valley
0620028,Russian Hill
0846085,Haight Ashbury
0668005,Nob Hill
6564033,Noe Valley
1270065,Haight Ashbury
5718025,Bernal Heights
3577044,Mission
0807023,Hayes Valley
3561052,Castro/Upper Market
5330058,Bayview Hunters Point
3560014A,Castro/Upper Market
2112001G,Sunset/Parkside
2767002,Noe Valley
3180204,West of Twin Peaks
7052051,Oceanview/Merced/Ingleside
3611057,Mission
1734007A,Inner Sunset
0689029,Western Addition
3541018,Castro/Upper Market
6533017,Mission
1385013,Outer Richmond
5311018,Bayview Hunters Point
8901001,Treasure Island
4175004,Potrero Hill
3941022,Potrero Hill
2749021,Castro/Upper Market
7098009,Outer Mission
3511071,Mission
1027016,Pacific Heights
5611058,Bernal Heights
3776149,South of Market
7174054,Outer Mission
3505051,Mission
9900033,North Beach
1275041,Inner Sunset
3640009C,Mission
1414065,Outer Richmond
3653012,Noe Valley
3618032,Mission
7308007,Lakeshore
0914001B,Marina
2935003,West of Twin Peaks
7308009,Lakeshore
4624035,Bayview Hunters Point
5335ACOME,Bayview Hunters Point
0342011,Tenderloin
6655031,Glen Park
3749011,Financial District/South Beach
1158024,Lone Mountain/USF
1266038,Inner Sunset
6356062,Visitacion Valley
2659007,Castro/Upper Market
3582043,Castro/Upper Market
3546031,Mission
6733A040,Glen Park
3506002,Mission
5644033,Bernal Heights
4214016,Mission
3732147,South of Market
8721035,Mission Bay
6617009,Noe Valley
3506007,Mission
1856020,Inner Sunset
4152035,Mission
2801017,Noe Valley
1261001,Haight Ashbury
1924033,Sunset/Parkside
4991OS5,Bayview Hunters Point
3070023,West of Twin Peaks
4097047,Potrero Hill
4071006,Potrero Hill
0519051,Marina
4072021,Potrero Hill
6617061,Noe Valley
4956013,Bayview Hunters Point
0983008,Presidio Heights
6221002,McLaren Park
0794030,Hayes Valley
1431017A,Inner Richmond
1088004,Lone Mountain/USF
1421020A,Inner Richmond
3566009A,Castro/Upper Market
3752500,South of Market
4295009,Bayview Hunters Point
1444038,Inner Richmond
1254030,Haight Ashbury
7074039,Oceanview/Merced/Ingleside
7331041,Lakeshore
0099014,Russian Hill
0195013,Chinatown
0839022,Hayes Valley
6243019,Visitacion Valley
1518034,Outer Richmond
3725133,South of Market
0562009A,Pacific Heights
3729174,South of Market
5350009,Bayview Hunters Point
5826002,Bernal Heights
3732070,South of Market
0524029,Russian Hill
0183054,Nob Hill
4089045,Mission
4991COM,Bayview Hunters Point
2751036,Castro/Upper Market
3729061,South of Market
0975009,Pacific Heights
0838093,Hayes Valley
4080014,Mission
1939069,Treasure Island
4591D006,Bayview Hunters Point
6931001,West of Twin Peaks
1002005,Pacific Heights
1441010,Inner Richmond
3618019,Mission
1758038,Inner Sunset
3144B039,Outer Mission
5423A004A,Bayview Hunters Point
6551035,Noe Valley
2766010,Noe Valley
6013028,Excelsior
0828016,Hayes Valley
2804036,Noe Valley
0766010,Tenderloin
5423A005,Bayview Hunters Point
1939011,Treasure Island
2837015,West of Twin Peaks
0817077,Hayes Valley
1521039,Outer Richmond
2847011,Twin Peaks
6309102,Visitacion Valley
4591C224,Bayview Hunters Point
1215011,Hayes Valley
5835073,Bernal Heights
5611009,Bernal Heights
3621036,Noe Valley
3627019,Noe Valley
7303A002,Lakeshore
1158023,Lone Mountain/USF
2627032,Castro/Upper Market
7331047,Lakeshore
0465A024,Marina
1458014,Outer Richmond
5232006,Bayview Hunters Point
5654022,Bernal Heights
2695023,Castro/Upper Market
1630041,Outer Richmond
4591C599,Bayview Hunters Point
6566047,Noe Valley
6502018,Noe Valley
8947001,Treasure Island
5893023,Excelsior
3522047,Mission
0947023A,Marina
6786072,Outer Mission
7176029,Outer Mission
4358009,Bayview Hunters Point
7326009,Lakeshore
7174067,Outer Mission
3548051,Mission
3794075,Mission Bay
5517100,Bernal Heights
4591D057,Bayview Hunters Point
3580197,Castro/Upper Market
8935001,Treasure Island
0844005A,Haight Ashbury
1417059,Outer Richmond
3502104,Mission
2769004,Noe Valley
5046010,Bayview Hunters Point
2658019,Castro/Upper Market
5525018,Bernal Heights
3787165,South of Market
1028045,Pacific Heights
0620006,Russian Hill
0331004,Tenderloin
3521012,Mission
3725070,South of Market
1279003,Haight Ashbury
0196062,Chinatown
1367033,Inner Richmond
6592074,Noe Valley
5965016,Excelsior
8906005,Treasure Island
0465A019,Marina
1244021,Haight Ashbury
1158032,Lone Mountain/USF
4101028,Potrero Hill
6763015D,West of Twin Peaks
5503014,Bernal Heights
1738050,Inner Sunset
1074024,Presidio Heights
4622005,Bayview Hunters Point
0673006,Pacific Heights
1924028,Sunset/Parkside
0793103,Hayes Valley
6764009,West of Twin Peaks
4591C602,Bayview Hunters Point
3784041,South of Market
4274006,Mission
4591C042,Bayview Hunters Point
0511003,Marina
2333A032,West of Twin Peaks
3555052,Mission
3776016,South of Market
3613053,Mission
0481004,Marina
0113025,North Beach
3537188,Castro/Upper Market
8711023A,Mission Bay
6601041,Noe Valley
1640037,Inner Richmond
7333003,Lakeshore
5535013,Bernal Heights
5617046,Bernal Heights
3841002,Mission Bay
5708025,Bernal Heights
0919007A,Marina
3537044,Castro/Upper Market
3534019,Mission
0549002B,Russian Hill
1280025,Haight Ashbury
4175500,Potrero Hill
3588005,Mission
6074020,Excelsior
3731184,South of Market
1436014,Inner Richmond
1705052,Sunset/Parkside
0742028,Tenderloin
0947019,Marina
5828012,Bernal Heights
0629037,Pacific Heights
4591D085,Bayview Hunters Point
1087027,Lone Mountain/USF
2085026,Sunset/Parkside
3534025B,Mission
6615003,Noe Valley
0479030,Marina
1254055,Haight Ashbury
4295014,Bayview Hunters Point
8705005,Mission Bay
1386004,Outer Richmond
7335007,Lakeshore
4591C005,Bayview Hunters Point
0641015,Pacific Heights
3753095,South of Market
0730022,Western Addition
3547027,Mission
2360016,Sunset/Parkside
4080007,Mission
4098039,Potrero Hill
8902001,Treasure Island
0319002,Tenderloin
6633024,Noe Valley
4591D044,Bayview Hunters Point
1193011,Lone Mountain/USF
4072019,Potrero Hill
3568035,Mission
5948026A,Excelsior
3509077,South of Market
2653024,Castro/Upper Market
3537083,Castro/Upper Market
4591C205,Bayview Hunters Point
1595142,Outer Richmond
3725006,South of Market
6521019,Mission
1939036,Treasure Island
3601114,Castro/Upper Market
7046B024,Outer Mission
0436E003,Marina
6706040,West of Twin Peaks
8709009,Mission Bay
2349025A,Sunset/Parkside
4146023,Mission
3911011,Mission Bay
4591C094,Bayview Hunters Point
3594022,Mission
3789003,Financial District/South Beach
1282022,Haight Ashbury
7308012,Lakeshore
6719019,Glen Park
4052004,Potrero Hill
1344025,Seacliff
1451032,Outer Richmond
2629068,Haight Ashbury
3902005,Mission
5350017,Bayview Hunters Point
1376018,Outer Richmond
0914001A,Marina
0553023,Marina
4596003,Bayview Hunters Point
4976014,Bayview Hunters Point
3640082,Mission
4100007,Potrero Hill
4597016,Bayview Hunters Point
3520012,South of Market
1031010,Presidio Heights
5541027,Bernal Heights
0629017,Pacific Heights
3597058,Mission
6747025,Outer Mission
2724002,Twin Peaks
5642058,Bernal Heights
4287014,Bayview Hunters Point
1197025E,Lone Mountain/USF
6782046,Outer Mission
0673010,Pacific Heights
3635011,Mission
2692035,Castro/Upper Market
0314012,Financial District/South Beach
2767031,Noe Valley
0819050,Hayes Valley
0777025,Western Addition
4207039,Mission
1560019,Outer Richmond
2044010,Inner Sunset
7061036,Oceanview/Merced/Ingleside
3731076,South of Market
4624043,Bayview Hunters Point
3920009,Mission
6361004,Visitacion Valley
3732009,South of Market
1231027,Haight Ashbury
3920008,Mission
1149003,Lone Mountain/USF
0186013,Russian Hill
0093018,Russian Hill
4206028,Mission
6170037,Portola
1252033,Haight Ashbury
0785029,Hayes Valley
0826029,Hayes Valley
6603053,Noe Valley
0947024,Marina
3595019,Mission
3535001,Castro/Upper Market
3731067,South of Market
3509029,South of Market
6567009,Mission
2652005,Castro/Upper Market
5743009,Bernal Heights
1924017,Sunset/Parkside
3582005,Castro/Upper Market
6620008,Noe Valley
1939114,Treasure Island
1222008A,Haight Ashbury
2075001A,Sunset/Parkside
1009012,Presidio Heights
1186001,Lone Mountain/USF
1195016A,Lone Mountain/USF
3035023,West of Twin Peaks
0868014,Hayes Valley
6653012,Glen Park
1382023,Outer Richmond
2849008,Noe Valley
3834002,Mission Bay
4624053,Bayview Hunters Point
2700003,Castro/Upper Market
3640055,Mission
1836007A,Inner Sunset
3509025,South of Market
1157016B,Western Addition
0852010,Hayes Valley
2695029,Castro/Upper Market
1748005,Inner Sunset
4211014,Mission
1640033,Inner Richmond
5617039,Bernal Heights
0661037,Pacific Heights
1225029,Haight Ashbury
1267032,Haight Ashbury
1407046,Outer Richmond
4591C133,Bayview Hunters Point
0089049,North Beach
4318018,Bayview Hunters Point
3603023,Castro/Upper Market
2406006,Sunset/Parkside
4591C075,Bayview Hunters Point
6531020,Mission
3585028,Castro/Upper Market
2613019,Castro/Upper Market
1287003,Haight Ashbury
1053012,Pacific Heights
1197025B,Lone Mountain/USF
7100019,Outer Mission
0816067,Hayes Valley
1023038,Pacific Heights
3632039,Mission
3606081,Castro/Upper Market
0670024,Nob Hill
1377017,Outer Richmond
4606010,Bayview Hunters Point
1519026,Outer Richmond
6727046,Glen Park
6521013,Mission
3144A031,Outer Mission
0269002A,Financial District/South Beach
6189034,McLaren Park
0222162,Nob Hill
0688020,Japantown
6754A007,Outer Mission
1895010,Sunset/Parkside
1673038,Outer Richmond
4991PCLA,Bayview Hunters Point
1417043,Outer Richmond
6752062,Outer Mission
0302001,Tenderloin
3752090,South of Market
4591C069,Bayview Hunters Point
4152054,Mission
8705001,Mission Bay
1939021,Treasure Island
4287016,Bayview Hunters Point
2652011,Castro/Upper Market
7331126,Lakeshore
0138002,Financial District/South Beach
1003021,Pacific Heights
4591D042,Bayview Hunters Point
8719A009,Mission Bay
6566008A,Noe Valley
1040004,Presidio Heights
2923035,West of Twin Peaks
3616058,Mission
1583031,Outer Richmond
0854009,Hayes Valley
0338006,Tenderloin
4160010,Potrero Hill
5350041,Bayview Hunters Point
4153032B,Mission
1255056,Haight Ashbury
1739008,Inner Sunset
0194015,Chinatown
4991ROWA,Bayview Hunters Point
1533048,Inner Richmond
7174027,Outer Mission
0158020,Nob Hill
0824001C,Hayes Valley
6503031,Noe Valley
5000023,Bayview Hunters Point
4148026,Mission
2696013,Castro/Upper Market
0950031,Marina
0079009,North Beach
3638059,Mission
8721019,Mission Bay
4586004,Bayview Hunters Point
7354001,Lakeshore
3514044,Mission
6691021,Bernal Heights
1364048,Inner Richmond
2619016,Castro/Upper Market
6311012,Visitacion Valley
8727005,Potrero Hill
6602040,Noe Valley
2987A037,West of Twin Peaks
0942042,Marina
3777038,South of Market
1173002,Lone Mountain/USF
2704037,Castro/Upper Market
1193127,Lone Mountain/USF
3564211,Castro/Upper Market
6655021,Glen Park
3154026,Outer Mission
3727062,South of Market
4071040,Potrero Hill
2630041,Inner Sunset
0798009,Hayes Valley
3736003A,Financial District/South Beach
3180207,West of Twin Peaks
4175017,Potrero Hill
3739002,Financial District/South Beach
6552014A,Noe Valley
6931021,West of Twin Peaks
6762006,West of Twin Peaks
0934017,Marina
0840037,Hayes Valley
0078112,North Beach
1268027,Haight Ashbury
1924009,Sunset/Parkside
0856016,Hayes Valley
6529012,Mission
3596034,Mission
0510023,Marina
1407061,Outer Richmond
1939137,Treasure Island
6311023,Visitacion Valley
4591D129,Bayview Hunters Point
1857035,Inner Sunset
0677126,Pacific Heights
0166003,Financial District/South Beach
6117077,Portola
9900501,North Beach
8945001,Treasure Island
4958023,Bayview Hunters Point
4958017,Bayview Hunters Point
4958015,Bayview Hunters Point
4958021,Bayview Hunters Point
9900502,North Beach
4958018,Bayview Hunters Point
9900068,Potrero Hill
6472077,Excelsior
4958013,Bayview Hunters Point
9900064,Mission Bay
4958016,Bayview Hunters Point
4958024,Bayview Hunters Point
6472075,Excelsior
4958022,Bayview Hunters Point
4981001,Bayview Hunters Point
6472073,Excelsior
4958020,Bayview Hunters Point
4958019,Bayview Hunters Point
4958014,Bayview Hunters Point
4982001,Bayview Hunters Point
4981002,Bayview Hunters Point
3617073,Mission
5476022,Bayview Hunters Point
2755032,Twin Peaks
2629045,Haight Ashbury
1612020,Outer Richmond
4652027,Bayview Hunters Point
0947003,Marina
3598058,Mission
2715040,Twin Peaks
1402023,Outer Richmond
3611031,Mission
4099025F,Potrero Hill
5556073,Bernal Heights
4622014,Bayview Hunters Point
2607102,Castro/Upper Market
1924025,Sunset/Parkside
4805014,Bayview Hunters Point
3765020,Financial District/South Beach
9900064H,Potrero Hill
0744021,Western Addition
0463A032,Marina
4088004,Mission
6754B033,Outer Mission
2629069,Haight Ashbury
3589064,Mission
3741045,Financial District/South Beach
4172044,Potrero Hill
4587020,Bayview Hunters Point
3542017,Castro/Upper Market
7178009,Oceanview/Merced/Ingleside
4102053,Potrero Hill
1371024B,Inner Richmond
4591C127,Bayview Hunters Point
1218022,Haight Ashbury
3778050,South of Market
5250026,Bayview Hunters Point
4085017,Mission
3522011,Mission
5054ACOMC,Bayview Hunters Point
2651010,Castro/Upper Market
2698032,Castro/Upper Market
4224090,Potrero Hill
0490020,Marina
3560020D,Castro/Upper Market
6656009,Glen Park
7326003,Lakeshore
1851006,Inner Sunset
0072009,Russian Hill
3540148,Castro/Upper Market
2631057,Inner Sunset
0572005,Russian Hill
1074003,Presidio Heights
4591D039,Bayview Hunters Point
0277002,Nob Hill
0196031,Chinatown
7100021,Outer Mission
1372006,Inner Richmond
4276003D,Mission
0674013,Pacific Heights
7079049,Oceanview/Merced/Ingleside
6549005,Noe Valley
2607113,Castro/Upper Market
0453001A,Russian Hill
1856050,Inner Sunset
0512022,Marina
1268043,Haight Ashbury
1216012,Hayes Valley
1673006,Outer Richmond
6506032,Noe Valley
2955B001,West of Twin Peaks
6750057,Outer Mission
7153010,Outer Mission
5846001,Portola
6934009,Oceanview/Merced/Ingleside
4085036,Mission
0868009A,Hayes Valley
2036A006,Inner Sunset
4065021,Potrero Hill
5046004,Bayview Hunters Point
3606111,Castro/Upper Market
5615044,Bernal Heights
2612040,Castro/Upper Market
5503055,Bernal Heights
4104045,Potrero Hill
0552014A,Marina
1402059,Outer Richmond
6472019,Excelsior
3732146,South of Market
3705014,South of Market
4597019,Bayview Hunters Point
0677071,Pacific Heights
1642002,Inner Richmond
0719011,Western Addition
3728086,South of Market
4991622,Bayview Hunters Point
4591D130,Bayview Hunters Point
3921A003,Mission
4285B002,Potrero Hill
1209003,Lone Mountain/USF
6204070,Visitacion Valley
6663038,Glen Park
5304013,Bayview Hunters Point
4591BCOMB,Bayview Hunters Point
7536018,Noe Valley
1256048,Haight Ashbury
2690017,Castro/Upper Market
4652029,Bayview Hunters Point
3652010,Noe Valley
3558026,Castro/Upper Market
3577017,Mission
0113056,North Beach
0814016,Tenderloin
4939003,Bayview Hunters Point
1291047,Inner Sunset
4088014,Mission
6502002,Noe Valley
1169039,Lone Mountain/USF
3775078,Financial District/South Beach
1858024,Inner Sunset
4730010,Bayview Hunters Point
1620028,Outer Richmond
5062004,Bayview Hunters Point
5054ACOMA,Bayview Hunters Point
2037A018,Inner Sunset
6614022,Noe Valley
2125010A,Inner Sunset
6745025A,Glen Park
8708005,Mission Bay
4991008,Bayview Hunters Point
7330001,Lakeshore
3591008A,Mission
6525008,Mission
2034A008,Inner Sunset
6800047,Outer Mission
2392041,Sunset/Parkside
5313033,Bayview Hunters Point
8721EASA,Mission Bay
3725047,South of Market
1068015,Presidio Heights
2630038,Inner Sunset
2607059,Castro/Upper Market
3578053,Mission
0930034,Marina
0677046,Pacific Heights
8709COMA,Mission Bay
4624452,Bayview Hunters Point
0104018,North Beach
4591C190,Bayview Hunters Point
1939142,Treasure Island
1209011,Lone Mountain/USF
0775008,Western Addition
1934015,Inner Sunset
5522046,Bernal Heights
1688032,Outer Richmond
7551019,Glen Park
3588079,Mission
3638072,Mission
0519022,Marina
6540025,Noe Valley
6361033,Visitacion Valley
6565005,Noe Valley
1739032,Inner Sunset
3596071,Mission
0822035,Hayes Valley
1675004,Outer Richmond
1243026,Haight Ashbury
6944044,Oceanview/Merced/Ingleside
8709010,Mission Bay
4621002,Bayview Hunters Point
4591D090,Bayview Hunters Point
3732762,South of Market
5313032,Bayview Hunters Point
1924037,Sunset/Parkside
3749006,Financial District/South Beach
1179025,Western Addition
5000030,Bayview Hunters Point
3576081,Mission
0629034,Pacific Heights
0277004,Nob Hill
3587168,Mission
3985008,Potrero Hill
6665024B,Glen Park
4624022,Bayview Hunters Point
1843034,Inner Sunset
4591D109,Bayview Hunters Point
0847027,Haight Ashbury
5438029,Portola
1446001,Outer Richmond
1334006,Seacliff
1127006,Western Addition
0085031,North Beach
5421011,Bayview Hunters Point
6531028E,Mission
8709013,Mission Bay
4805019,Bayview Hunters Point
4700120,Bayview Hunters Point
0819014B,Hayes Valley
4218054,Potrero Hill
0097023,Russian Hill
4644010A,Bayview Hunters Point
4991082,Bayview Hunters Point
2831004,Noe Valley
1092038,Lone Mountain/USF
4597015,Bayview Hunters Point
6976010,Oceanview/Merced/Ingleside
6631031,Noe Valley
2044003A,Inner Sunset
2616055,Haight Ashbury
5260002,Bayview Hunters Point
1379019D,Outer Richmond
3753167,South of Market
1924010,Sunset/Parkside
1648003,Inner Richmond
4654014B,Bayview Hunters Point
1231027A,Haight Ashbury
5673015,Bernal Heights
1101007,Western Addition
4991OS1,Bayview Hunters Point
4069020,Potrero Hill
0744119,Western Addition
3821006,Mission Bay
9900019,Financial District/South Beach
3721081,Financial District/South Beach
3541025,Castro/Upper Market
8945005,Treasure Island
3753063,South of Market
4336008,Mission
6745029,Glen Park
3776100,South of Market
2698038,Castro/Upper Market
4168011,Potrero Hill
3564027,Castro/Upper Market
0868029A,Hayes Valley
1405027,Outer Richmond
6501042,Noe Valley
3737012,Financial District/South Beach
1446004,Outer Richmond
0535018,Marina
2361035,Sunset/Parkside
0647011,Western Addition
4591D071,Bayview Hunters Point
0073001,Russian Hill
3596017A,Mission
4591D012,Bayview Hunters Point
4120002,Potrero Hill
0087005,North Beach
0253030,Nob Hill
1408011,Outer Richmond
3974004,Mission
4271068,Mission
4227012,Potrero Hill
1663025,Outer Richmond
1939044,Treasure Island
0861098,Haight Ashbury
3655033,Noe Valley
8719D001,Mission Bay
1550035,Inner Richmond
3774015,Financial District/South Beach
2626009,Castro/Upper Market
0808039,Hayes Valley
1184017,Lone Mountain/USF
3588030,Mission
3731058,South of Market
1939075,Treasure Island
1267046,Haight Ashbury
0096077,Russian Hill
4266007,Mission
0817027,Hayes Valley
0065007,North Beach
1239029,Haight Ashbury
1924044,Sunset/Parkside
5044004,Bayview Hunters Point
0945015A,Marina
3006017,West of Twin Peaks
4624059,Bayview Hunters Point
1578014F,Outer Richmond
3505516,Mission
0341005,Tenderloin
3566024,Castro/Upper Market
1733025,Inner Sunset
4044001,Potrero Hill
6612052,Noe Valley
5598018,Bayview Hunters Point
3104012,West of Twin Peaks
3505022,Mission
1073032,Presidio Heights
4591A083,Bayview Hunters Point
3736037,Financial District/South Beach
1476023,Outer Richmond
1644008,Inner Richmond
3533165,Mission
1851006A,Inner Sunset
8935002,Treasure Island
4008020,Potrero Hill
1939068,Treasure Island
6510001,Noe Valley
5673005,Bernal Heights
3610005,Mission
8719A010,Mission Bay
3154052,Outer Mission
0516028A,Marina
0532006,Marina
4022022,Mission
1223022,Haight Ashbury
0814014,Tenderloin
3000B005A,West of Twin Peaks
0510035,Marina
0818069,Hayes Valley
1266018,Inner Sunset
1158082,Lone Mountain/USF
6782045,Outer Mission
1367017,Inner Richmond
4327A017,Bayview Hunters Point
4591D123,Bayview Hunters Point
6568032,Mission
0054003,North Beach
3534017C,Mission
9900036H,Financial District/South Beach
4591C074,Bayview Hunters Point
0852065,Hayes Valley
1939043,Treasure Island
8703004,Mission Bay
3987014,Potrero Hill
0258007,Financial District/South Beach
1939077,Treasure Island
4088035,Mission
3997005,Potrero Hill
0794015,Hayes Valley
1428065,Inner Richmond
1412032,Outer Richmond
1415022B,Outer Richmond
8709002,Mission Bay
0926018,Marina
4142013,Mission
4591A084,Bayview Hunters Point
1151008A,Lone Mountain/USF
0120001,Russian Hill
3733022,South of Market
3602063,Castro/Upper Market
4624038,Bayview Hunters Point
0798010,Hayes Valley
0551002,Marina
1155004A,Western Addition
1191022,Lone Mountain/USF
1086051,Lone Mountain/USF
4591D015,Bayview Hunters Point
3564014,Castro/Upper Market
1254028A,Haight Ashbury
2614145,Castro/Upper Market
3587005,Mission
6013028B,Excelsior
0071079,Russian Hill
2613COM,Castro/Upper Market
0133003,North Beach
1643012,Inner Richmond
1378011,Outer Richmond
0659063,Pacific Heights
4116007,Potrero Hill
3034014,West of Twin Peaks
5673016,Bernal Heights
0661040,Pacific Heights
4327A010,Bayview Hunters Point
4991953,Bayview Hunters Point
1654011,Inner Richmond
5005001,Bayview Hunters Point
1744022,Inner Sunset
3985019A,Potrero Hill
5054AROW,Bayview Hunters Point
4622008,Bayview Hunters Point
4970041,Bayview Hunters Point
3522031,Mission
2609029,Castro/Upper Market
3574015,Mission
4172053,Potrero Hill
4805002,Bayview Hunters Point
1562030,Outer Richmond
6720043,Bernal Heights
4605006,Bayview Hunters Point
4591C607,Bayview Hunters Point
4147023,Mission
6517008,Mission
2622009,Castro/Upper Market
1770034,Inner Sunset
0852036,Hayes Valley
6157010,Portola
6582028,Noe Valley
9900022H,Financial District/South Beach
4079001,Mission
4206010A,Mission
4830001,Bayview Hunters Point
1363059,Inner Richmond
4884032,Bayview Hunters Point
6969019,Outer Mission
6719018,Glen Park
1160005,Lone Mountain/USF
0095016,Russian Hill
1402032,Outer Richmond
0490006,Marina
7332002,Lakeshore
1732038,Inner Sunset
0929033,Marina
7331039,Lakeshore
6549003,Noe Valley
2407031,West of Twin Peaks
3564097,Castro/Upper Market
5638031,Bernal Heights
0841005,Hayes Valley
4587007,Bayview Hunters Point
1197006B,Lone Mountain/USF
1939131,Treasure Island
0465A025,Marina
3544038,Castro/Upper Market
5640010,Bernal Heights
4084009,Mission
3747021,Financial District/South Beach
0601023,Pacific Heights
7177048,Outer Mission
1125008A,Western Addition
1248005,Haight Ashbury
3273040,West of Twin Peaks
5825007,Bernal Heights
2697027,Castro/Upper Market
3627025,Noe Valley
3521051,Mission
0258009,Financial District/South Beach
5054A093,Bayview Hunters Point
1572026,Outer Richmond
1439004,Inner Richmond
0860009,Hayes Valley
4039022A,Potrero Hill
1425032,Inner Richmond
0482031,Marina
4991115,Bayview Hunters Point
6525010,Mission
5825032,Bernal Heights
1645006,Inner Richmond
0620007,Russian Hill
6361031,Visitacion Valley
3556002,Mission
5512007A,Bernal Heights
0664021A,Pacific Heights
4621008,Bayview Hunters Point
2657045,Castro/Upper Market
5981014,Portola
6361017,Visitacion Valley
3582059,Castro/Upper Market
4591C098,Bayview Hunters Point
3941038,Potrero Hill
0939034,Marina
0614019A,Pacific Heights
1735015,Inner Sunset
3941027,Potrero Hill
3978001,Potrero Hill
3730123,South of Market
3733016,South of Market
4000008,Potrero Hill
1453064,Outer Richmond
7176030,Outer Mission
1674007B,Outer Richmond
2715022,Twin Peaks
4591C609,Bayview Hunters Point
7536001,Noe Valley
3521054,Mission
4852019,Bayview Hunters Point
3612046,Mission
0503095,Marina
3640065,Mission
6511033,Mission
1197025A,Lone Mountain/USF
6083035,Excelsior
2627010,Castro/Upper Market
2471063,Sunset/Parkside
1275046,Inner Sunset
3732003,South of Market
2198001,Sunset/Parkside
3786019,South of Market
0078041,North Beach
3771003,Financial District/South Beach
1566026H,Outer Richmond
2933004,West of Twin Peaks
6685002,Glen Park
1540056,Inner Richmond
4591C057,Bayview Hunters Point
1766003,Inner Sunset
4591D079,Bayview Hunters Point
1367049,Inner Richmond
5708029,Bernal Heights
1178001A,Western Addition
1499032,Outer Richmond
3606032,Castro/Upper Market
0192044,Chinatown
5415005,Bayview Hunters Point
2034A020,Inner Sunset
6428003,Excelsior
1483007,Outer Richmond
3640027,Mission
4175006,Potrero Hill
4591C070,Bayview Hunters Point
3622021,Noe Valley
6311011,Visitacion Valley
1108001C,Lone Mountain/USF
2695032,Castro/Upper Market
4142012,Mission
6569185,Mission
2004053,Sunset/Parkside
1139005,Lone Mountain/USF
7331048,Lakeshore
4991OS2,Bayview Hunters Point
3534035,Mission
3598042,Mission
7303001,Lakeshore
2648099,Castro/Upper Market
1221043,Haight Ashbury
3537024A,Castro/Upper Market
1275052,Inner Sunset
0100035A,Russian Hill
1595144,Outer Richmond
3729060A,South of Market
0516081,Marina
0347010,Tenderloin
3509076,South of Market
1002001,Pacific Heights
3576033,Mission
5000041,Bayview Hunters Point
0989032,Presidio Heights
6276029,Excelsior
0213033,Nob Hill
3507821,South of Market
2653023,Castro/Upper Market
1704020,Sunset/Parkside
4591C192,Bayview Hunters Point
2658010,Castro/Upper Market
3607010,Mission
5203085,Bayview Hunters Point
3559011A,Castro/Upper Market
1232002,Haight Ashbury
4991238,Bayview Hunters Point
0659018,Pacific Heights
7147047,Oceanview/Merced/Ingleside
1239008,Haight Ashbury
8938002,Treasure Island
0753015A,Western Addition
4295007,Bayview Hunters Point
2715020,Twin Peaks
3647034,Mission
0637008,Pacific Heights
3531021,Mission
3557132,Castro/Upper Market
0347014,Tenderloin
0744011,Western Addition
4991628,Bayview Hunters Point
3511052,Mission
0463A059,Marina
1205004,Hayes Valley
6567007,Mission
2168004A,Sunset/Parkside
4918006,Bayview Hunters Point
1174003,Lone Mountain/USF
7347001,Lakeshore
3578029,Mission
1190001O,Lone Mountain/USF
5921028,Portola
3036COM,West of Twin Peaks
2653006,Castro/Upper Market
5281003,Bayview Hunters Point
0848006A,Hayes Valley
0918005,Marina
5062010,Bayview Hunters Point
6509020,Noe Valley
4591C084,Bayview Hunters Point
4621009,Bayview Hunters Point
3144C046,Outer Mission
3597065,Mission
1939132,Treasure Island
3582023,Castro/Upper Market
2691041,Castro/Upper Market
6513042,Mission
6653053,Glen Park
4085038,Mission
1198003,Lone Mountain/USF
4104055,Potrero Hill
0807013,Hayes Valley
1222061,Haight Ashbury
3144B027C,Outer Mission
4175020,Potrero Hill
4162064,Potrero Hill
3725090,South of Market
3776119,South of Market
0700024,Japantown
2719B059,Castro/Upper Market
0863010,Haight Ashbury
4042005,Potrero Hill
3581039,Castro/Upper Market
6722041,Outer Mission
2619094,Castro/Upper Market
0659065,Pacific Heights
5027009,Bayview Hunters Point
0732030,Western Addition
3606077,Castro/Upper Market
3930A001,Mission
1258037,Haight Ashbury
1002024,Pacific Heights
4283BCOME,Potrero Hill
2612021,Castro/Upper Market
3725091,South of Market
0176004,Chinatown
9900019H,Financial District/South Beach
1385010,Outer Richmond
2041035,Inner Sunset
0237011,Financial District/South Beach
1446006,Outer Richmond
5322006,Bayview Hunters Point
0668012,Nob Hill
0552002,Marina
4274033,Mission
0846012,Haight Ashbury
3585042,Castro/Upper Market
4206007,Mission
4591C086,Bayview Hunters Point
3588071,Mission
1081001,Presidio Heights
0065057,North Beach
4008017,Potrero Hill
4232017,Potrero Hill
3502057,Mission
0466A034,Marina
3617077,Mission
5806100,Bernal Heights
5318045,Bayview Hunters Point
3737026,Financial District/South Beach
3594023,Mission
1129007,Western Addition
0145035,North Beach
6157021,Portola
1103009,Lone Mountain/USF
3595007B,Mission
1073003,Presidio Heights
1924036,Sunset/Parkside
1234014,Haight Ashbury
0806006,Hayes Valley
3704073,South of Market
1939063,Treasure Island
3505029,Mission
4094009,Potrero Hill
0730023,Western Addition
1150030,Lone Mountain/USF
3589168,Mission
9900007H,Financial District/South Beach
3563018,Castro/Upper Market
6792024,Outer Mission
4147021,Mission
0026041,Russian Hill
2623165,Castro/Upper Market
1210034,Lone Mountain/USF
6504018,Noe Valley
6766029A,West of Twin Peaks
1344007,Seacliff
0100010,Russian Hill
1924046,Sunset/Parkside
0507026A,Marina
3588073A,Mission
3578057,Mission
7520033,Noe Valley
3590010,Mission
0452001,Russian Hill
1939073,Treasure Island
3774064,Financial District/South Beach
0662034,Pacific Heights
4346002,Bayview Hunters Point
1438017A,Inner Richmond
0970018,Presidio Heights
3621006,Noe Valley
3501005,Mission
0937032,Marina
3603022,Castro/Upper Market
1771029,Inner Sunset
0841025A,Hayes Valley
1924COMA,Sunset/Parkside
6735035,West of Twin Peaks
2654007,Castro/Upper Market
0190041,Nob Hill
4621016,Bayview Hunters Point
6720029,Bernal Heights
2704060,Castro/Upper Market
0678031,Pacific Heights
5334012,Bayview Hunters Point
1939104,Treasure Island
0998017,Presidio Heights
2609044,Castro/Upper Market
4598007,Bayview Hunters Point
1178016,Western Addition
0811018,Tenderloin
3608052A,Mission
1736003,Inner Sunset
1230005,Haight Ashbury
4107012,Potrero Hill
2386059,Sunset/Parkside
2767004,Noe Valley
3651018,Noe Valley
7345B001,Lakeshore
1862A024,Inner Sunset
0861033,Haight Ashbury
4175002,Potrero Hill
3725043,South of Market
1784002,Sunset/Parkside
3598043,Mission
0797008,Hayes Valley
1176058,Lone Mountain/USF
8932001,Treasure Island
3612072,Mission
1216024,Hayes Valley
1939158,Treasure Island
8941001,Treasure Island
3501002,Mission
5435040,Bayview Hunters Point
3928014,Mission
1025021,Pacific Heights
3780085,South of Market
0096052,Russian Hill
1219036,Haight Ashbury
3180210,West of Twin Peaks
1292007,Inner Sunset
2693006,Castro/Upper Market
1271022,Haight Ashbury
6244039,Visitacion Valley
3721088,Financial District/South Beach
2715023,Twin Peaks
1924008,Sunset/Parkside
6578001,Noe Valley
0852044,Hayes Valley
4035020,Potrero Hill
0104031,North Beach
3180195,West of Twin Peaks
3502142,Mission
2864029A,West of Twin Peaks
3507820,South of Market
5535040,Bernal Heights
5203060,Bayview Hunters Point
3654003,Noe Valley
5423A007,Bayview Hunters Point
1144019A,Lone Mountain/USF
9900043H,North Beach
3776085,South of Market
5535016,Bernal Heights
3613009,Mission
1939147,Treasure Island
1371033,Inner Richmond
3632020,Mission
8934005,Treasure Island
6531020A,Mission
6311027,Visitacion Valley
9900070,Potrero Hill
1088009,Lone Mountain/USF
7331004,Lakeshore
4142014,Mission
3614025,Mission
4591D101,Bayview Hunters Point
1939168,Treasure Island
2749001B,Castro/Upper Market
1003011,Pacific Heights
1851020,Inner Sunset
3569092,Mission
1212020,Lone Mountain/USF
2623050,Castro/Upper Market
2658008,Castro/Upper Market
5000022,Bayview Hunters Point
1275042,Inner Sunset
1061008,Presidio Heights
6571026,Mission
1005030,Pacific Heights
4080012,Mission
0923007,Marina
0816017,Hayes Valley
0442A002,Marina
6551056,Noe Valley
2124A003,Inner Sunset
3728040,South of Market
6526045,Mission
3579027,Castro/Upper Market
2378034,Sunset/Parkside
2620066,Castro/Upper Market
3505020,Mission
1125009,Western Addition
6534030,Mission
3765015,Financial District/South Beach
4101060,Potrero Hill
7331CMH,Lakeshore
0627005,Pacific Heights
0619016,Russian Hill
4991007,Bayview Hunters Point
0663013,Pacific Heights
7542033,Glen Park
6511021,Mission
3708013,Financial District/South Beach
0105065,North Beach
5517074A,Bernal Heights
5016018,Bayview Hunters Point
0923037,Marina
1274020,Inner Sunset
2658045,Castro/Upper Market
3577052,Mission
3984015,Potrero Hill
4761013A,Bayview Hunters Point
3650027,Noe Valley
3653069,Noe Valley
4158016,Potrero Hill
1939024,Treasure Island
0950025,Marina
3619105,Noe Valley
3616007,Mission
0931018,Marina
2623167,Castro/Upper Market
2989A038,West of Twin Peaks
1663024,Outer Richmond
3737041,Financial District/South Beach
4094107,Potrero Hill
0612014,Pacific Heights
5000013,Bayview Hunters Point
5027015,Bayview Hunters Point
2979A034,West of Twin Peaks
3611024,Mission
7308010,Lakeshore
1274016,Inner Sunset
1383022,Outer Richmond
1402018,Outer Richmond
1546005,Inner Richmond
3607059,Mission
6633026B,Noe Valley
3570013,Mission
1363014,Inner Richmond
3732073,South of Market
1732052,Inner Sunset
1662014,Outer Richmond
0655001,Pacific Heights
8711014,Mission Bay
3977001H,Potrero Hill
7065030,Outer Mission
5512024,Bernal Heights
3538076,Castro/Upper Market
0517050,Marina
1768027,Inner Sunset
4151023,Mission
0542002A,Marina
0030006,North Beach
0793039,Hayes Valley
0732020,Western Addition
1015023,Presidio Heights
4591D126,Bayview Hunters Point
3753314,South of Market
1202009,Hayes Valley
0689003,Western Addition
2610018,Castro/Upper Market
7535107,Noe Valley
3618071,Mission
1840032,Inner Sunset
7113022,Oceanview/Merced/Ingleside
3180211,West of Twin Peaks
3006015,West of Twin Peaks
1327017,Seacliff
6931002,West of Twin Peaks
4720045,Bayview Hunters Point
4700122,Bayview Hunters Point
5044008,Bayview Hunters Point
0947076,Marina
1767042A,Inner Sunset
1543016A,Inner Richmond
3621037,Noe Valley
0511024E,Marina
5335ACOMM,Bayview Hunters Point
6955018,Outer Mission
3548078,Mission
2779032,Twin Peaks
1231034,Haight Ashbury
3753206,South of Market
3503003,Mission
2819003,West of Twin Peaks
4153034,Mission
1256012,Haight Ashbury
3521085,Mission
0655013,Pacific Heights
2129002F,West of Twin Peaks
0049002,Russian Hill
6955037,Outer Mission
1795017,Sunset/Parkside
5523047,Bernal Heights
3505084,Mission
3711018,Financial District/South Beach
3578059,Mission
0689025,Western Addition
3564057,Castro/Upper Market
0798015,Hayes Valley
0145048,North Beach
3736065,Financial District/South Beach
0140012,Financial District/South Beach
0025064,Russian Hill
0714003,Western Addition
4591C063,Bayview Hunters Point
3740032,Financial District/South Beach
4591D036,Bayview Hunters Point
0811012,Tenderloin
0814008,Tenderloin
4285B005,Potrero Hill
1028013,Pacific Heights
1276001D,Haight Ashbury
3708034,Financial District/South Beach
4044015,Potrero Hill
1939180,Treasure Island
5237012,Bayview Hunters Point
0659020,Pacific Heights
1248011,Haight Ashbury
2649065,Castro/Upper Market
7537049,Glen Park
3594019,Mission
3998020,Potrero Hill
4093007,Potrero Hill
3619106,Noe Valley
3766005,Financial District/South Beach
3590001,Mission
6631042,Noe Valley
3520028B,South of Market
4591C754,Bayview Hunters Point
2692071,Castro/Upper Market
3578047,Mission
4591C106,Bayview Hunters Point
3587003,Mission
7129019,Oceanview/Merced/Ingleside
4108017,Potrero Hill
3718037,Financial District/South Beach
6795C002B,Outer Mission
3654024,Noe Valley
4591D131,Bayview Hunters Point
3557034B,Castro/Upper Market
3962014,Mission
4591C096,Bayview Hunters Point
0811019,Tenderloin
2628077,Castro/Upper Market
3648037,Mission
0730048,Western Addition
3639027,Mission
3721031,Financial District/South Beach
0950033,Marina
7332003,Lakeshore
7111026,Outer Mission
3638060,Mission
1102008,Western Addition
3579032B,Castro/Upper Market
6762005,West of Twin Peaks
5501059,Bernal Heights
4232013,Potrero Hill
8712001,Mission Bay
1383036,Outer Richmond
4586006,Bayview Hunters Point
6494066,Excelsior
3730010,South of Market
3720007,Financial District/South Beach
4991607,Bayview Hunters Point
1091009B,Lone Mountain/USF
6525012,Mission
1778030,Sunset/Parkside
4142005,Mission
0123051,Russian Hill
8711508,Mission Bay
3602072,Castro/Upper Market
1520007B,Outer Richmond
0826002,Hayes Valley
2752019,Castro/Upper Market
2892001,West of Twin Peaks
1535025,Inner Richmond
0296013,Nob Hill
1383034,Outer Richmond
5027013,Bayview Hunters Point
0822009,Hayes Valley
0473011,Marina
3568026,Mission
1079026,Japantown
7333B001,Lakeshore
3594124,Mission
0196026,Chinatown
4624438,Bayview Hunters Point
6505039,Noe Valley
1023028,Pacific Heights
4591C120,Bayview Hunters Point
1140006C,Lone Mountain/USF
5439028,Bayview Hunters Point
1287002,Haight Ashbury
0694008,Tenderloin
5335ACOMN,Bayview Hunters Point
4005004,Potrero Hill
0612015,Pacific Heights
3748009,Financial District/South Beach
6510001D,Noe Valley
3730160,South of Market
2649022,Castro/Upper Market
3548042,Mission
VACSTHES2,Bayview Hunters Point
4232019,Potrero Hill
5253009,Bayview Hunters Point
0122012,Russian Hill
0436E034,Marina
9900035,North Beach
1250007,Haight Ashbury
1269015,Haight Ashbury
3941001,Potrero Hill
7074040,Oceanview/Merced/Ingleside
6563051,Noe Valley
0777004,Western Addition
5000032,Bayview Hunters Point
0798032,Hayes Valley
6361009,Visitacion Valley
0838027,Hayes Valley
1185011,Lone Mountain/USF
6750051,Outer Mission
4276028,Mission
2349031,Sunset/Parkside
1645009,Inner Richmond
1844037,Inner Sunset
5526054,Bernal Heights
1088078,Lone Mountain/USF
1772031,Inner Sunset
3615021,Mission
1265016,Inner Sunset
2751006A,Castro/Upper Market
2697023,Castro/Upper Market
3584076,Castro/Upper Market
1536008,Inner Richmond
4116002,Potrero Hill
5710013,Bernal Heights
7331110,Lakeshore
1073012,Presidio Heights
0914005B,Marina
0105029,North Beach
0952034,Marina
1262029,Haight Ashbury
4991055,Bayview Hunters Point
1183034,Hayes Valley
0720038,Western Addition
5535038,Bernal Heights
3602008,Castro/Upper Market
0462A013,Marina
0597016,Russian Hill
0844026,Haight Ashbury
1788020A,Sunset/Parkside
4158032,Potrero Hill
4042004,Potrero Hill
1087014A,Lone Mountain/USF
6356068,Visitacion Valley
3558055,Castro/Upper Market
3753090,South of Market
0939019,Marina
1924024,Sunset/Parkside
3719001,Financial District/South Beach
1411012,Outer Richmond
3785133,Mission Bay
6013023A,Excelsior
2612041,Castro/Upper Market
4206061,Mission
7174030,Outer Mission
7331115,Lakeshore
1421020,Inner Richmond
6571005,Mission
6635027,Bernal Heights
6565008,Noe Valley
7331031,Lakeshore
4605019,Bayview Hunters Point
3833ROWA,Mission Bay
4591C598,Bayview Hunters Point
3505035,Mission
3608077,Mission
3637053,Mission
4022002,Mission
0544019,Marina
0668013,Nob Hill
5237035,Bayview Hunters Point
3564012,Castro/Upper Market
3620078,Noe Valley
1291003,Inner Sunset
4572005,Bayview Hunters Point
3611040,Mission
4591D052,Bayview Hunters Point
1716052,Sunset/Parkside
3728014,South of Market
0818054,Hayes Valley
0191028,Chinatown
6535008,Noe Valley
1040031,Presidio Heights
2935010,West of Twin Peaks
8934003,Treasure Island
1546037A,Inner Richmond
2837008,West of Twin Peaks
0997001A,Presidio Heights
4080013,Mission
7178010,Oceanview/Merced/Ingleside
2626014B,Castro/Upper Market
1772004H,Inner Sunset
4591C101,Bayview Hunters Point
0862010,Haight Ashbury
0100034A,Russian Hill
4085034,Mission
8945007,Treasure Island
4598012,Bayview Hunters Point
6657074,Glen Park
4591C054,Bayview Hunters Point
0623008,Pacific Heights
4591D061,Bayview Hunters Point
3721078,Financial District/South Beach
2724006,Twin Peaks
0601006E,Pacific Heights
0517018E,Marina
3720001,Financial District/South Beach
0092007,Russian Hill
1175008A,Lone Mountain/USF
4622002,Bayview Hunters Point
2659060,Castro/Upper Market
3622049,Noe Valley
8719A001,Mission Bay
3570044,Mission
3940001,Mission Bay
0663025,Pacific Heights
0208011,Chinatown
3753375,South of Market
1005026,Pacific Heights
0480003,Marina
6361008,Visitacion Valley
3505008,Mission
6601006,Noe Valley
3568091,Mission
4110010,Potrero Hill
1924006,Sunset/Parkside
6533011,Mission
1275070,Inner Sunset
0526008,Russian Hill
6653040,Glen Park
3619017,Noe Valley
0939018,Marina
5054A103,Bayview Hunters Point
0821032,Hayes Valley
0997025,Presidio Heights
2037A028,Inner Sunset
3614026A,Mission
3601060,Castro/Upper Market
1939108,Treasure Island
4098016,Potrero Hill
3603015,Castro/Upper Market
0208010,Chinatown
0516013A,Marina
0792032,Hayes Valley
4591C216,Bayview Hunters Point
0269003,Financial District/South Beach
3708094,Financial District/South Beach
3725012,South of Market
1385025,Outer Richmond
3618075,Mission
4093060,Potrero Hill
7063040,Oceanview/Merced/Ingleside
6536008,Noe Valley
2770021,Noe Valley
0761027,Western Addition
0151032,Nob Hill
1135021,Lone Mountain/USF
4591C206,Bayview Hunters Point
4591BCOMA,Bayview Hunters Point
2406036,Sunset/Parkside
4096110,Potrero Hill
2647019,Castro/Upper Market
3590004A,Mission
0947005,Marina
1180054,Western Addition
1188003,Lone Mountain/USF
5611001,Bernal Heights
0100019,Russian Hill
3561057,Castro/Upper Market
8721027,Mission Bay
0132008,North Beach
4295011,Bayview Hunters Point
1831038,Sunset/Parkside
1209034,Lone Mountain/USF
1761034,Inner Sunset
1576005N,Outer Richmond
0258005,Financial District/South Beach
0776035,Western Addition
1415028,Outer Richmond
4005001B,Potrero Hill
6747031,Outer Mission
4591C112,Bayview Hunters Point
1238016,Haight Ashbury
5334011,Bayview Hunters Point
4622012,Bayview Hunters Point
5431A014,Bayview Hunters Point
1191020,Lone Mountain/USF
3745001,Financial District/South Beach
1471039A,Outer Richmond
0158010A,Nob Hill
0559018,Pacific Heights
0054013A,North Beach
1862A030,Inner Sunset
1274014,Inner Sunset
3701064,South of Market
2618039,Castro/Upper Market
5023008,Bayview Hunters Point
1426009,Inner Richmond
0920002H,Marina
1040023,Presidio Heights
1932036,Inner Sunset
6513012C,Mission
4991623,Bayview Hunters Point
1197006F,Lone Mountain/USF
3727059,South of Market
0816015A,Hayes Valley
3619036,Noe Valley
4327A016,Bayview Hunters Point
1939031,Treasure Island
4175007,Potrero Hill
3545011,Mission
0819011,Hayes Valley
6594019,Noe Valley
7331037,Lakeshore
6944045,Oceanview/Merced/Ingleside
1716001B,Sunset/Parkside
0829023,Hayes Valley
3977027,Potrero Hill
1939057,Treasure Island
6665028,Glen Park
4000026,Potrero Hill
4597014,Bayview Hunters Point
4210002,Mission
7331CMW,Lakeshore
4107001B,Potrero Hill
5718047,Bernal Heights
5676023,Bernal Heights
7177047,Outer Mission
1344018,Seacliff
3008042,West of Twin Peaks
1517030,Outer Richmond
0942014D,Marina
3985033,Potrero Hill
0099004A,Russian Hill
6665056,Glen Park
0181025,Nob Hill
1748021A,Inner Sunset
3749012,Financial District/South Beach
0959005,Pacific Heights
4591D023,Bayview Hunters Point
2622052,Castro/Upper Market
3538039,Castro/Upper Market
2699003,Castro/Upper Market
1240018,Haight Ashbury
6575001,Bernal Heights
2022001D,Sunset/Parkside
4161023,Potrero Hill
4111004,Potrero Hill
3757063,South of Market
3602001,Castro/Upper Market
7331100,Lakeshore
5000003,Bayview Hunters Point
1183026,Hayes Valley
2660001,Castro/Upper Market
3638071,Mission
6519047,Mission
1433027,Inner Richmond
4094047,Potrero Hill
4087027,Mission
4806016,Bayview Hunters Point
3588001,Mission
3553030,Mission
3546023,Mission
4591D074,Bayview Hunters Point
1762004,Inner Sunset
8711001,Mission Bay
7331CMDD,Lakeshore
0221003C,Nob Hill
3757173,South of Market
1020050,Presidio Heights
1939177,Treasure Island
8720449,Mission Bay
3581030,Castro/Upper Market
7126A003,Oceanview/Merced/Ingleside
2935011,West of Twin Peaks
1439012A,Inner Richmond
1254022,Haight Ashbury
3746006,Financial District/South Beach
4096060,Potrero Hill
6534010,Mission
5350060,Bayview Hunters Point
2799013,Twin Peaks
1199002,Lone Mountain/USF
8711024B,Mission Bay
3633021,Mission
6753060,Outer Mission
7174068,Outer Mission
4271013,Mission
0744022,Western Addition
1629015,Outer Richmond
7381CMB3,Lakeshore
1355002,Inner Richmond
3580038,Castro/Upper Market
3565078,Castro/Upper Market
4805010,Bayview Hunters Point
1470037,Outer Richmond
4700124,Bayview Hunters Point
1458041,Outer Richmond
4111003,Potrero Hill
3569091,Mission
6747005,Outer Mission
4087042,Mission
2044034,Inner Sunset
2720006,Castro/Upper Market
0976024,Pacific Heights
4232014,Potrero Hill
2653034,Castro/Upper Market
7138061,Oceanview/Merced/Ingleside
3984017,Potrero Hill
2618047,Castro/Upper Market
3549018C,Mission
0794028,Hayes Valley
0559040,Pacific Heights
4591C176,Bayview Hunters Point
1023035,Pacific Heights
3638061,Mission
4591D054,Bayview Hunters Point
5044001,Bayview Hunters Point
4283BCOMI,Potrero Hill
5537001,Bernal Heights
4591A012,Bayview Hunters Point
8711505,Mission Bay
3737028,Financial District/South Beach
4991619,Bayview Hunters Point
2646038,Castro/Upper Market
3517040,South of Market
0156017,Nob Hill
3994007,Potrero Hill
7331101,Lakeshore
4805012,Bayview Hunters Point
1269088,Haight Ashbury
1079027,Japantown
6783023,Outer Mission
0869005,Hayes Valley
5254004,Bayview Hunters Point
0151101,Nob Hill
4001016,Potrero Hill
3259011,West of Twin Peaks
1289088,Inner Sunset
0870002,Hayes Valley
1248010,Haight Ashbury
3560020C,Castro/Upper Market
2704010A,Castro/Upper Market
1939034,Treasure Island
0828044,Hayes Valley
2653010,Castro/Upper Market
3565076,Castro/Upper Market
1619033,Outer Richmond
3725044,South of Market
0942003,Marina
0654017,Pacific Heights
3582050,Castro/Upper Market
4106027,Potrero Hill
8705010,Mission Bay
0987039,Presidio Heights
1083002,Lone Mountain/USF
1100009,Western Addition
2692004,Castro/Upper Market
7331066,Lakeshore
4071008,Potrero Hill
1189012,Lone Mountain/USF
0342012,Tenderloin
0862030,Haight Ashbury
4591D076,Bayview Hunters Point
0931065,Marina
6618039,Noe Valley
3994001C,Potrero Hill
3576079,Mission
6534016,Mission
6637018,Noe Valley
2626005,Castro/Upper Market
6528006,Mission
0649007,Pacific Heights
4591C225,Bayview Hunters Point
0667018A,Nob Hill
1028028,Pacific Heights
4991631,Bayview Hunters Point
6312001,Visitacion Valley
0516027,Marina
3820002,Mission Bay
6730030,Glen Park
1748002,Inner Sunset
3791002,Financial District/South Beach
1228017,Haight Ashbury
3730015,South of Market
3538079,Castro/Upper Market
0955008,Pacific Heights
6532030,Mission
0634019,Pacific Heights
9900039,North Beach
3534005,Mission
4074024,Potrero Hill
0087072,North Beach
0680004,Pacific Heights
3653028,Noe Valley
3737004,Financial District/South Beach
4591C118,Bayview Hunters Point
1846032,Inner Sunset
2047047,Inner Sunset
2644009A,Inner Sunset
5718023,Bernal Heights
2778013,Twin Peaks
1289021,Inner Sunset
0336017,Tenderloin
9900027,Financial District/South Beach
7536032,Noe Valley
4991600,Bayview Hunters Point
4224022,Potrero Hill
1282017,Haight Ashbury
1939128,Treasure Island
0504003J,Marina
4059001B,Potrero Hill
0927032,Marina
5260003,Bayview Hunters Point
0985017,Presidio Heights
0998004,Presidio Heights
3558135,Castro/Upper Market
3757066,South of Market
3540004,Castro/Upper Market
6590097,Noe Valley
4849003,Bayview Hunters Point
1188002E,Lone Mountain/USF
4093024,Potrero Hill
1924027,Sunset/Parkside
6510001B,Noe Valley
0936014,Marina
6314003,Visitacion Valley
0847012,Haight Ashbury
0196057,Chinatown
3571018,Mission
5476020,Bayview Hunters Point
6529002,Mission
0477040,Russian Hill
6567019,Mission
6551024,Noe Valley
5868006,Excelsior
5501015,Bernal Heights
4089053,Mission
2611032,Castro/Upper Market
9900036,Financial District/South Beach
3607112,Mission
1028003,Pacific Heights
0928078,Marina
0847030,Haight Ashbury
2623017,Castro/Upper Market
0599008,Pacific Heights
1212023,Lone Mountain/USF
5335ACOMH,Bayview Hunters Point
1385002A,Outer Richmond
1267027,Haight Ashbury
0851001,Hayes Valley
6164024,McLaren Park
5617036,Bernal Heights
5921027,Portola
1570035,Outer Richmond
1193122,Lone Mountain/USF
3505031A,Mission
3707024,Financial District/South Beach
3745010,Financial District/South Beach
0046002,Russian Hill
4644010,Bayview Hunters Point
3619002,Noe Valley
3654073,Noe Valley
3789005,Financial District/South Beach
2540093,West of Twin Peaks
0927011,Marina
1177026,Lone Mountain/USF
6251017,Visitacion Valley
5334016,Bayview Hunters Point
1939078,Treasure Island
6581036,Noe Valley
2698001,Castro/Upper Market
0821035,Hayes Valley
4936016,Bayview Hunters Point
0938011,Marina
7326013,Lakeshore
0868018,Hayes Valley
0923005,Marina
3576085,Mission
1924041,Sunset/Parkside
1036024,Presidio Heights
8709027,Mission Bay
0558033,Marina
4224042,Potrero Hill
0653036,Pacific Heights
0463A036,Marina
3617013,Mission
3639028,Mission
2659040,Castro/Upper Market
0474020,Marina
0497027,Marina
1680009,Outer Richmond
7178015,Oceanview/Merced/Ingleside
1088032,Lone Mountain/USF
7026013,Outer Mission
4591D122,Bayview Hunters Point
0127027,Nob Hill
3722082,Financial District/South Beach
4591D110,Bayview Hunters Point
3617024,Mission
8904001,Treasure Island
3731102,South of Market
0195011,Chinatown
7335012,Lakeshore
3732118,South of Market
2619045,Castro/Upper Market
3566007,Castro/Upper Market
0314002,Financial District/South Beach
2628053,Castro/Upper Market
9900027H,North Beach
5392016,Bayview Hunters Point
8719006,Mission Bay
6536021A,Noe Valley
1176018,Lone Mountain/USF
1054018A,Presidio Heights
5518014,Bernal Heights
2034A001,Inner Sunset
2714010A,Twin Peaks
0821033,Hayes Valley
0441A013,Marina
7331022,Lakeshore
4968018,Bayview Hunters Point
7362001,Lakeshore
6537008,Noe Valley
6973041,Outer Mission
4591D084,Bayview Hunters Point
3725005,South of Market
0518009,Marina
0845009,Haight Ashbury
3596120,Mission
4587008,Bayview Hunters Point
0119040,Russian Hill
3518022,South of Market
3594039,Mission
0269002,Financial District/South Beach
4624045,Bayview Hunters Point
8715001,Mission Bay
3517039,South of Market
3561064,Castro/Upper Market
6506004,Noe Valley
2646024,Castro/Upper Market
9900034H,Financial District/South Beach
3953002,Mission Bay
1231030,Haight Ashbury
1939133,Treasure Island
6577005,Noe Valley
6546025,Noe Valley
1031025,Presidio Heights
1449031,Outer Richmond
1235019A,Haight Ashbury
0652015,Pacific Heights
3727109,South of Market
6722035,Outer Mission
0939015,Marina
4175023,Potrero Hill
4096005,Potrero Hill
2620026,Castro/Upper Market
4086007,Mission
6311024,Visitacion Valley
3180840,West of Twin Peaks
5948038,Excelsior
1836018,Inner Sunset
7537060,Glen Park
3737027,Financial District/South Beach
6632026,Noe Valley
1501046,Outer Richmond
1546048,Inner Richmond
5913015,Excelsior
0580018,Pacific Heights
3556237,Mission
0761062,Western Addition
6013047,Excelsior
1751024,Inner Sunset
0467A035,Marina
3742013,Financial District/South Beach
2800010,Twin Peaks
2918028,West of Twin Peaks
0286002,Financial District/South Beach
3619087,Noe Valley
2658018,Castro/Upper Market
3974015,Mission
0156015,Nob Hill
5948026B,Excelsior
4224017,Potrero Hill
7107019,Oceanview/Merced/Ingleside
1191025,Lone Mountain/USF
3553028,Mission
4172008,Potrero Hill
4591D091,Bayview Hunters Point
0478002,Russian Hill
1185036,Lone Mountain/USF
1405039,Outer Richmond
4805018,Bayview Hunters Point
3728057,South of Market
3725045,South of Market
4591D087,Bayview Hunters Point
2697010,Castro/Upper Market
5596044,Bernal Heights
3541017,Castro/Upper Market
1261017,Haight Ashbury
3578058,Mission
1166028A,Lone Mountain/USF
2623042,Castro/Upper Market
1419037,Outer Richmond
3557105,Castro/Upper Market
4758042,Bayview Hunters Point
3540019,Castro/Upper Market
3727034,South of Market
5062008,Bayview Hunters Point
4597013,Bayview Hunters Point
2406005,Sunset/Parkside
4591C180,Bayview Hunters Point
3157049,West of Twin Peaks
1029018A,Pacific Heights
0573006,Russian Hill
0733002,Western Addition
1042010,Presidio Heights
1304013,Seacliff
4591C071,Bayview Hunters Point
6080056,Excelsior
1088039,Lone Mountain/USF
4849004,Bayview Hunters Point
3595093,Mission
3635014,Mission
3557013,Castro/Upper Market
1198013,Lone Mountain/USF
4153012,Mission
4263005B,Mission
3606075,Castro/Upper Market
0845004,Haight Ashbury
0559039,Pacific Heights
3773879,Financial District/South Beach
3103006,West of Twin Peaks
3755237,South of Market
1256020,Haight Ashbury
2034A024,Inner Sunset
4591D020,Bayview Hunters Point
1260037,Haight Ashbury
0825011,Hayes Valley
6969011,Outer Mission
1446053,Outer Richmond
1146003,Lone Mountain/USF
0844019,Haight Ashbury
4605024,Bayview Hunters Point
5817008,Bernal Heights
0606023,Pacific Heights
1017024,Presidio Heights
4052002,Potrero Hill
3557051,Castro/Upper Market
1611019,Outer Richmond
1183030,Hayes Valley
4591D082,Bayview Hunters Point
4221ACOMB,Potrero Hill
6463058,Excelsior
0067018,Russian Hill
3644002A,Mission
4151020A,Mission
3736121,Financial District/South Beach
3518013,South of Market
3619043,Noe Valley
5415015,Bayview Hunters Point
2630059,Inner Sunset
0700026,Japantown
7147033,Oceanview/Merced/Ingleside
5861COM,Portola
5285A012,Bayview Hunters Point
7331108,Lakeshore
4621007,Bayview Hunters Point
0852003,Hayes Valley
0039100,North Beach
0093012,Russian Hill
4145017,Mission
8714002,Mission Bay
3762109,South of Market
6736030,Glen Park
3771001,Financial District/South Beach
2882026,West of Twin Peaks
1481026,Lincoln Park
7090019,Oceanview/Merced/Ingleside
0498020,Marina
8708001,Mission Bay
1663019A,Outer Richmond
0466A015,Marina
4075030,Potrero Hill
3632004A,Mission
0488A038,Marina
3502010,Mission
3541014,Castro/Upper Market
3607052,Mission
5000014,Bayview Hunters Point
5476023,Bayview Hunters Point
1054007,Presidio Heights
3789517,Financial District/South Beach
1765021,Inner Sunset
3627024,Noe Valley
3597066,Mission
0497007A,Marina
1179074,Western Addition
2011007,Sunset/Parkside
4006005,Potrero Hill
2645007,Castro/Upper Market
5662019,Bernal Heights
1250018,Haight Ashbury
3787046,South of Market
4806015,Bayview Hunters Point
0830019,Hayes Valley
3618007,Mission
2034A022,Inner Sunset
4208013,Mission
2715024,Twin Peaks
2849009,Noe Valley
1829042,Sunset/Parkside
1632008A,Inner Richmond
4095018,Potrero Hill
2610021,Castro/Upper Market
3706093,Financial District/South Beach
5297034,Bayview Hunters Point
1743031,Inner Sunset
2648011,Castro/Upper Market
4228159,Potrero Hill
0493025,Marina
5250016,Bayview Hunters Point
0565013,Pacific Heights
0474016,Marina
4002017,Potrero Hill
1141042,Lone Mountain/USF
0670011,Nob Hill
0942015,Marina
6534005,Mission
0477016H,Russian Hill
3701063,South of Market
4586013,Bayview Hunters Point
1939047,Treasure Island
3775023,Financial District/South Beach
3732083,South of Market
6532029,Mission
1081021,Presidio Heights
PARKMONC,West of Twin Peaks
3987902,Potrero Hill
1857004,Inner Sunset
2719047,Castro/Upper Market
1258050,Haight Ashbury
0867056,Hayes Valley
3574067,Mission
4224020,Potrero Hill
4046001,Potrero Hill
1213015,Lone Mountain/USF
3583007,Castro/Upper Market
6923017,West of Twin Peaks
5746001,Bernal Heights
1189003,Lone Mountain/USF
3541080,Castro/Upper Market
5054A101,Bayview Hunters Point
4016003,Mission
0842018,Hayes Valley
5835074,Bernal Heights
3548089,Mission
0186004,Russian Hill
4591C178,Bayview Hunters Point
1701007,Sunset/Parkside
3639022,Mission
6462021A,Excelsior
0123061,Russian Hill
6534006,Mission
6506033,Noe Valley
1405050,Outer Richmond
4100080,Potrero Hill
0042001,North Beach
1572014D,Outer Richmond
3762149,South of Market
4624039,Bayview Hunters Point
1663023,Outer Richmond
1630023B,Outer Richmond
1939087,Treasure Island
4111007,Potrero Hill
0120028,Russian Hill
3154028,Outer Mission
4711COMD,Bayview Hunters Point
1176007,Lone Mountain/USF
3747006,Financial District/South Beach
0860044,Hayes Valley
0862013,Haight Ashbury
1939095,Treasure Island
4058008,Potrero Hill
1386057,Outer Richmond
3612017,Mission
4209034,Mission
1225022,Haight Ashbury
1152027,Western Addition
7176028,Outer Mission
0459007,Marina
2649034A,Castro/Upper Market
3590054,Mission
1254069,Haight Ashbury
7113020,Oceanview/Merced/Ingleside
3548232,Mission
7309A001,Lakeshore
4086006E,Mission
8905001,Treasure Island
2771052,Noe Valley
0540017,Marina
6529002A,Mission
0106039,North Beach
1282013,Haight Ashbury
8711509,Mission Bay
7345A001,Lakeshore
4591D050,Bayview Hunters Point
5054A105,Bayview Hunters Point
3753099,South of Market
4030018,Potrero Hill
4152041,Mission
0126029,Nob Hill
6664043,Glen Park
4587002,Bayview Hunters Point
0206003,Chinatown
3548086,Mission
1223011,Haight Ashbury
9900032H,Financial District/South Beach
0656018,Pacific Heights
3540065,Castro/Upper Market
1240003,Haight Ashbury
4029024,Potrero Hill
1673024,Outer Richmond
1001010,Pacific Heights
4597017,Bayview Hunters Point
0145027,North Beach
6750031,Outer Mission
0868009,Hayes Valley
0511003A,Marina
3574113,Mission
4100005,Potrero Hill
0514027,Marina
1042003,Presidio Heights
1743044A,Inner Sunset
3729090,South of Market
4108012,Potrero Hill
1641040,Inner Richmond
3983036,Potrero Hill
6691040,Bernal Heights
1422039,Inner Richmond
1184013,Lone Mountain/USF
1112018,Lone Mountain/USF
6632010,Noe Valley
3561083,Castro/Upper Market
6616019,Noe Valley
3502098,Mission
5281005,Bayview Hunters Point
0981030,Pacific Heights
3518032,South of Market
6545003,Noe Valley
6745027,Glen Park
0852003A,Hayes Valley
4591C093,Bayview Hunters Point
2778016,Twin Peaks
3941030,Potrero Hill
8708COMA,Mission Bay
0868084,Hayes Valley
5706020,Bernal Heights
6634025,Noe Valley
3941033,Potrero Hill
3560001,Castro/Upper Market
3703062,South of Market
8903002,Treasure Island
4065033,Potrero Hill
0133041,North Beach
1023109,Pacific Heights
0196012,Chinatown
7380030,Lakeshore
3589048,Mission
4761009,Bayview Hunters Point
2643A025,Inner Sunset
1052051,Pacific Heights
3703057,South of Market
0853065,Hayes Valley
0145047,North Beach
6614039,Noe Valley
5291017A,Bayview Hunters Point
8711031,Mission Bay
6633015,Noe Valley
4591C048,Bayview Hunters Point
4586008,Bayview Hunters Point
3078041,West of Twin Peaks
3756022,South of Market
0819013,Hayes Valley
3094053,West of Twin Peaks
4052012,Potrero Hill
1127004,Western Addition
4991241,Bayview Hunters Point
0874006,Hayes Valley
1635023,Inner Richmond
2612004A,Castro/Upper Market
7535001,Noe Valley
6310008,Visitacion Valley
2038A019,Inner Sunset
5598016,Bayview Hunters Point
4591C148,Bayview Hunters Point
6532010,Mission
3537134,Castro/Upper Market
3786103,South of Market
1028023,Pacific Heights
0557020,Marina
2034A013,Inner Sunset
1939145,Treasure Island
0840036,Hayes Valley
4597018,Bayview Hunters Point
3714009,Financial District/South Beach
1200010,Hayes Valley
4591D086,Bayview Hunters Point
5319037,Bayview Hunters Point
0980009,Pacific Heights
5350015,Bayview Hunters Point
4099026,Potrero Hill
5635023,Bernal Heights
3513051,Mission
6600023,Noe Valley
2607060,Castro/Upper Market
0118042,Chinatown
1020083,Presidio Heights
3705049,South of Market
1260016,Haight Ashbury
1939164,Treasure Island
0629038,Pacific Heights
4586007,Bayview Hunters Point
0674018,Pacific Heights
1150004,Lone Mountain/USF
6720056,Bernal Heights
2689022,Castro/Upper Market
4158052,Potrero Hill
1197028,Lone Mountain/USF
3538045A,Castro/Upper Market
1219033,Haight Ashbury
5654023,Bernal Heights
3502088,Mission
2044033,Inner Sunset
3540011,Castro/Upper Market
1073013,Presidio Heights
4591C184,Bayview Hunters Point
5278014,Bayview Hunters Point
2607280,Castro/Upper Market
5304029,Bayview Hunters Point
3533039,Mission
5286A004,Bayview Hunters Point
0525010,Russian Hill
3548124,Mission
1436038,Inner Richmond
1277012,Haight Ashbury
5000007,Bayview Hunters Point
4037016,Potrero Hill
4591C181,Bayview Hunters Point
5650017,Bernal Heights
1282025,Haight Ashbury
5419007C,Bayview Hunters Point
6469029,Excelsior
3736074,Financial District/South Beach
0190012,Nob Hill
1518026A,Outer Richmond
1275066,Inner Sunset
4976013,Bayview Hunters Point
0241019A,Chinatown
1176008,Lone Mountain/USF
6532021B,Mission
4096109,Potrero Hill
4318021,Bayview Hunters Point
0775007,Western Addition
2004055,Sunset/Parkside
5203065,Bayview Hunters Point
2629007,Haight Ashbury
9900050,Mission Bay
5843005,Bernal Heights
4591C073,Bayview Hunters Point
4991954,Bayview Hunters Point
4107003,Potrero Hill
0756001,Western Addition
3517037,South of Market
1361004,Inner Richmond
5027012,Bayview Hunters Point
0477010,Russian Hill
4621004,Bayview Hunters Point
0818043,Hayes Valley
0144026,North Beach
5060001,Bayview Hunters Point
7537048,Glen Park
3789004,Financial District/South Beach
0822030,Hayes Valley
0732017,Western Addition
0542036A,Marina
1260025,Haight Ashbury
1413002,Outer Richmond
4591C188,Bayview Hunters Point
4114004,Potrero Hill
4591D007,Bayview Hunters Point
8954184,Treasure Island
1939060,Treasure Island
1191040,Lone Mountain/USF
3580032,Castro/Upper Market
1081027,Presidio Heights
4805011,Bayview Hunters Point
6551009,Noe Valley
6506068,Noe Valley
1939125,Treasure Island
6549028,Noe Valley
1177020,Lone Mountain/USF
3596113,Mission
3540017,Castro/Upper Market
3520013,South of Market
4224062,Potrero Hill
1939016,Treasure Island
4591D059,Bayview Hunters Point
6594027,Noe Valley
4073039,Potrero Hill
1640018,Inner Richmond
5712008,Bernal Heights
0300232,Nob Hill
3736001,Financial District/South Beach
0459062,Marina
1519032A,Outer Richmond
0931015,Marina
9900009H,Financial District/South Beach
0287014,Financial District/South Beach
2628063,Castro/Upper Market
1939171,Treasure Island
3727049,South of Market
5672024,Bernal Heights
4730011,Bayview Hunters Point
2618022,Castro/Upper Market
4085015A,Mission
3588049I,Mission
3655043,Noe Valley
4805003,Bayview Hunters Point
4591C002,Bayview Hunters Point
1939110,Treasure Island
8936002,Treasure Island
5524006,Bernal Heights
4572007,Bayview Hunters Point
6550029,Noe Valley
4264003,Mission
1271015A,Haight Ashbury
0105015,North Beach
1939098,Treasure Island
0026030,Russian Hill
2772007,Noe Valley
2607025,Castro/Upper Market
2698002,Castro/Upper Market
0928016,Marina
0832026,Hayes Valley
0342007,Tenderloin
3775050,Financial District/South Beach
0549030,Russian Hill
2620077,Castro/Upper Market
5066B003,Bayview Hunters Point
6631019,Noe Valley
1203008,Hayes Valley
1125008,Western Addition
5335ACOMC,Bayview Hunters Point
3508027,South of Market
1248043,Haight Ashbury
3584055,Castro/Upper Market
0506038,Marina
3774018,Financial District/South Beach
1440031,Inner Richmond
5615013,Bernal Heights
4271021,Mission
1150026,Lone Mountain/USF
0096042,Russian Hill
6311026,Visitacion Valley
2719019,Castro/Upper Market
0501022,Russian Hill
1247017,Haight Ashbury
1244007,Haight Ashbury
0779020,Western Addition
0679009,Pacific Heights
0050011,Russian Hill
6693024,Glen Park
5421005,Bayview Hunters Point
1271023,Haight Ashbury
0952001A,Marina
1862A019,Inner Sunset
4114006,Potrero Hill
5744075,Bernal Heights
3556276,Mission
1266004,Inner Sunset
5587006,Bayview Hunters Point
4291018,Bayview Hunters Point
6535007,Noe Valley
1460003,Outer Richmond
0926032,Marina
0853021,Hayes Valley
0573005,Russian Hill
3941028,Potrero Hill
3180205,West of Twin Peaks
6611036,Noe Valley
4052008,Potrero Hill
4912026,Bayview Hunters Point
3776152,South of Market
4591D095,Bayview Hunters Point
0941019,Marina
1601019,Outer Richmond
1837029,Inner Sunset
0556029,Marina
2828018,Noe Valley
0947007,Marina
3006016,West of Twin Peaks
8710007,Mission Bay
0761063,Western Addition
7138010A,Oceanview/Merced/Ingleside
8719A003,Mission Bay
3794004A,Mission Bay
3544035,Castro/Upper Market
0939021A,Marina
0808006,Hayes Valley
5686025,Bernal Heights
0538054,Marina
2764043,Twin Peaks
6595012,Noe Valley
1637016,Inner Richmond
4591A090,Bayview Hunters Point
4087008,Mission
1127027,Western Addition
0490021,Marina
5279011,Bayview Hunters Point
1239006,Haight Ashbury
7330010,Lakeshore
1939138,Treasure Island
3764069,Financial District/South Beach
1410070,Outer Richmond
1636019,Inner Richmond
0157041,Nob Hill
4591C114,Bayview Hunters Point
1939053,Treasure Island
8727003,Potrero Hill
0095010,Russian Hill
1258005,Haight Ashbury
0500013,Russian Hill
1382020,Outer Richmond
1841034A,Inner Sunset
0624011,Pacific Heights
7331002,Lakeshore
3505049,Mission
1244013,Haight Ashbury
1628003,Outer Richmond
6581021,Noe Valley
5673037,Bernal Heights
3534020,Mission
4591D032,Bayview Hunters Point
1939134,Treasure Island
3033025,West of Twin Peaks
6505012,Noe Valley
4884039A,Bayview Hunters Point
0026006,Russian Hill
1178013,Western Addition
5255002,Bayview Hunters Point
1118004,Lone Mountain/USF
6428007,Excelsior
0441B015,Marina
3762106,South of Market
1732043,Inner Sunset
3582015,Castro/Upper Market
1654030,Inner Richmond
2111001D,Sunset/Parkside
3541026,Castro/Upper Market
1205032,Hayes Valley
3568039,Mission
2763017,Twin Peaks
0832012,Hayes Valley
8711012,Mission Bay
2347034,West of Twin Peaks
1125002A,Western Addition
1254036,Haight Ashbury
9900043,North Beach
0436F013,Marina
7133026,Oceanview/Merced/Ingleside
8722020,Mission Bay
6208020,Visitacion Valley
7074042,Oceanview/Merced/Ingleside
7124012E,Oceanview/Merced/Ingleside
3563019,Castro/Upper Market
3720011,Financial District/South Beach
2764016,Twin Peaks
0852014,Hayes Valley
1251011,Haight Ashbury
5402062,Bayview Hunters Point
6750032,Outer Mission
4591D112,Bayview Hunters Point
0834082,Hayes Valley
4087011,Mission
0176003A,Chinatown
5598028,Bayview Hunters Point
0520001B,Marina
4013014A,Mission
5066B021,Bayview Hunters Point
4591C053,Bayview Hunters Point
3648018,Mission
4591D142,Bayview Hunters Point
6691014,Bernal Heights
4087006,Mission
0027077,Russian Hill
3753845,South of Market
4327A019,Bayview Hunters Point
3619054,Noe Valley
7074041,Oceanview/Merced/Ingleside
0950014,Marina
3725069,South of Market
6574046,Bernal Heights
3631017,Mission
0463A029,Marina
6428001,Excelsior
2623058,Castro/Upper Market
4116009,Potrero Hill
5467021,Portola
8953001,Treasure Island
8727011,Potrero Hill
0716006,Tenderloin
3623022,Noe Valley
5338034,Bayview Hunters Point
0206004,Chinatown
1043021,Presidio Heights
0657001,Pacific Heights
5369026,Bayview Hunters Point
4073038,Potrero Hill
1294005,Inner Sunset
3641075,Mission
4991OS3,Bayview Hunters Point
0127022,Nob Hill
4094112,Potrero Hill
3532054,Mission
4100031,Potrero Hill
6969007L,Outer Mission
3639008,Mission
6596013G,Bernal Heights
3545063,Mission
3730009,South of Market
1029033,Pacific Heights
1198030,Lone Mountain/USF
5835075,Bernal Heights
1939035,Treasure Island
2704022,Castro/Upper Market
7333D001,Lakeshore
3787161,South of Market
6522005,Mission
3540103,Castro/Upper Market
2406039,Sunset/Parkside
5467008,Portola
3616021,Mission
5054A095,Bayview Hunters Point
4624040,Bayview Hunters Point
0855011,Hayes Valley
1019012,Presidio Heights
1259025,Haight Ashbury
3615011,Mission
0754008,Western Addition
6363001,Visitacion Valley
5670019,Bernal Heights
6578043,Noe Valley
4604A001,Bayview Hunters Point
1029011,Pacific Heights
6311022,Visitacion Valley
4852014,Bayview Hunters Point
5607039,Bayview Hunters Point
1939006,Treasure Island
1219011,Haight Ashbury
2858008,West of Twin Peaks
VACSTJES,South of Market
4221ACOMA,Potrero Hill
1230024,Haight Ashbury
1641004,Inner Richmond
1274034,Inner Sunset
3593004,Mission
0872006,Hayes Valley
1266009,Inner Sunset
8701001,Mission Bay
4622004,Bayview Hunters Point
4596024,Bayview Hunters Point
6522021,Mission
4991237,Bayview Hunters Point
1939010,Treasure Island
2652025,Castro/Upper Market
1668011,Outer Richmond
7331049,Lakeshore
5535012,Bernal Heights
3702A001,South of Market
6502017,Noe Valley
6565012,Noe Valley
6537005A,Noe Valley
1537012,Inner Richmond
3757071,South of Market
3714006,Financial District/South Beach
4152016,Mission
4591D138,Bayview Hunters Point
3739006,Financial District/South Beach
3727117,South of Market
3980011,Potrero Hill
1043022,Presidio Heights
1668029,Outer Richmond
0250010,Nob Hill
4591C126,Bayview Hunters Point
4268021,Mission
1939109,Treasure Island
1020048,Presidio Heights
6404032,Excelsior
6569032,Mission
6592043,Noe Valley
4591D125,Bayview Hunters Point
1150019,Lone Mountain/USF
1216014,Hayes Valley
3708033,Financial District/South Beach
5066B007,Bayview Hunters Point
2613028,Castro/Upper Market
7504ACOM,Noe Valley
3725131,South of Market
1091011,Lone Mountain/USF
5000016,Bayview Hunters Point
1174004,Lone Mountain/USF
0488A033,Marina
3585069,Castro/Upper Market
3617065,Mission
1465017,Outer Richmond
0269024,Financial District/South Beach
1540039,Inner Richmond
0660027,Pacific Heights
1852004,Inner Sunset
4596022,Bayview Hunters Point
8945002,Treasure Island
4624450,Bayview Hunters Point
8715004,Mission Bay
0816008,Hayes Valley
4586009,Bayview Hunters Point
6530041,Mission
7331103,Lakeshore
7356001,Lakeshore
3631052,Mission
1557008,Outer Richmond
3719519,Financial District/South Beach
0026054,Russian Hill
2614081,Castro/Upper Market
0860031,Hayes Valley
0804006,Hayes Valley
7063042,Oceanview/Merced/Ingleside
7116033,Oceanview/Merced/Ingleside
4713006,Bayview Hunters Point
4700123,Bayview Hunters Point
4207004,Mission
5431A010,Bayview Hunters Point
9900038,Mission Bay
5479010,Portola
5503013,Bernal Heights
4268013,Mission
0527002,Marina
3585075,Castro/Upper Market
6772047,West of Twin Peaks
0512031,Marina
6501085,Noe Valley
3628007,Noe Valley
2628097,Castro/Upper Market
3538072,Castro/Upper Market
4022014,Mission
1074007,Presidio Heights
5044005,Bayview Hunters Point
0591006,Pacific Heights
1030026,Presidio Heights
4260028,Potrero Hill
3513073,Mission
1204005,Hayes Valley
5431A006,Bayview Hunters Point
0832091,Hayes Valley
6361010,Visitacion Valley
0505019,Marina
2697019,Castro/Upper Market
0808036,Hayes Valley
7331003,Lakeshore
4172038,Potrero Hill
1386038,Outer Richmond
0871012A,Hayes Valley
7036001,Oceanview/Merced/Ingleside
8714001,Mission Bay
1924043,Sunset/Parkside
4596020,Bayview Hunters Point
1601030,Outer Richmond
6563026,Noe Valley
2702003,Castro/Upper Market
3730099,South of Market
3775097,Financial District/South Beach
6663024,Glen Park
0930007,Marina
9900001H,Financial District/South Beach
9900054,Mission Bay
6597041,Bernal Heights
3762116,South of Market
3584029,Castro/Upper Market
3520011,South of Market
1503026,Outer Richmond
2691015,Castro/Upper Market
6531029,Mission
0701005,Japantown
0843016,Hayes Valley
5350039,Bayview Hunters Point
6521031,Mission
5355027,Bayview Hunters Point
4591D064,Bayview Hunters Point
1166044,Lone Mountain/USF
7367001,Lakeshore
2613011,Castro/Upper Market
0814220,Tenderloin
4327A011,Bayview Hunters Point
2034A037,Inner Sunset
4591C058,Bayview Hunters Point
1109002C,Lone Mountain/USF
7303A001,Lakeshore
3521087,Mission
3544037,Castro/Upper Market
8902004,Treasure Island
1432042,Inner Richmond
0814007,Tenderloin
7303A003,Lakeshore
4591C600,Bayview Hunters Point
3588057,Mission
1066015,Presidio Heights
2612065,Castro/Upper Market
0777076,Western Addition
6552019A,Noe Valley
6359001,Visitacion Valley
7174026,Outer Mission
7370001,Lakeshore
4143029,Mission
0657017,Pacific Heights
3505033A,Mission
0094043,Russian Hill
7331CMU,Lakeshore
0659031,Pacific Heights
4232022,Potrero Hill
2623035B,Castro/Upper Market
5671018,Bernal Heights
0594004K,Pacific Heights
4605005,Bayview Hunters Point
1284011,Haight Ashbury
3638036,Mission
5322032,Bayview Hunters Point
0667017,Nob Hill
0155009,Russian Hill
3601066,Castro/Upper Market
1176004,Lone Mountain/USF
6766051,West of Twin Peaks
0794037,Hayes Valley
1364022,Inner Richmond
8902002,Treasure Island
1753008,Inner Sunset
0954005,Pacific Heights
9900047A,North Beach
4591C040,Bayview Hunters Point
4175021,Potrero Hill
3557040,Castro/Upper Market
1022025,Presidio Heights
0836011,Hayes Valley
1239020,Haight Ashbury
2702002,Castro/Upper Market
0544004,Marina
1255053A,Haight Ashbury
8711026B,Mission Bay
7138032,Oceanview/Merced/Ingleside
4591C121,Bayview Hunters Point
3502089,Mission
2607031A,Castro/Upper Market
3506003,Mission
0069021,Russian Hill
6621025,Noe Valley
7349001,Lakeshore
4031027,Potrero Hill
2381001,Sunset/Parkside
1073021,Presidio Heights
1836002,Inner Sunset
4226015,Potrero Hill
3601089,Castro/Upper Market
4884030,Bayview Hunters Point
3732150,South of Market
0258033,Financial District/South Beach
9900017H,Financial District/South Beach
5535011,Bernal Heights
2625004B,Castro/Upper Market
9900023,Financial District/South Beach
0867067,Hayes Valley
1211033,Lone Mountain/USF
1417031,Outer Richmond
6312009,Visitacion Valley
5232012,Bayview Hunters Point
8710005,Mission Bay
3626048,Noe Valley
4597010,Bayview Hunters Point
0823010,Hayes Valley
6208031,Visitacion Valley
0588024,Pacific Heights
4912002,Bayview Hunters Point
4918021,Bayview Hunters Point
0679004,Pacific Heights
4591D029,Bayview Hunters Point
6665063,Glen Park
6746002,Glen Park
5304014,Bayview Hunters Point
7331CMO,Lakeshore
2039020,Inner Sunset
4645005,Bayview Hunters Point
4991602,Bayview Hunters Point
6530042,Mission
0293002,Financial District/South Beach
1313021,Outer Richmond
4762011,Bayview Hunters Point
1658022,Outer Richmond
5335ACOM,Bayview Hunters Point
6664061,Glen Park
2832038,Noe Valley
4991088,Bayview Hunters Point
0546002,Marina
8710001,Mission Bay
3753062,South of Market
6582010B,Noe Valley
7129018,Oceanview/Merced/Ingleside
1840030,Inner Sunset
0120014,Russian Hill
1031015,Presidio Heights
3714008,Financial District/South Beach
6742007,Glen Park
3588053A,Mission
1377022,Outer Richmond
3549066,Mission
5015007,Bayview Hunters Point
5706032,Bernal Heights
8721034,Mission Bay
3737001A,Financial District/South Beach
0856017A,Hayes Valley
4591C089,Bayview Hunters Point
2698026,Castro/Upper Market
5000031,Bayview Hunters Point
3794026,Mission Bay
6663001A,Glen Park
2540005,West of Twin Peaks
1836019,Inner Sunset
3612042,Mission
1177012,Lone Mountain/USF
1845004,Inner Sunset
5712015,Bernal Heights
0719082,Western Addition
5320024,Bayview Hunters Point
7052042,Oceanview/Merced/Ingleside
6533054,Mission
0909005,Marina
1289063,Inner Sunset
1465007,Outer Richmond
0997002,Presidio Heights
4591D068,Bayview Hunters Point
9900023H,Financial District/South Beach
4591C215,Bayview Hunters Point
1895022,Sunset/Parkside
4065032,Potrero Hill
0775017,Western Addition
4591D002,Bayview Hunters Point
0777006,Western Addition
5545015,Bernal Heights
4096058,Potrero Hill
1424050,Inner Richmond
4101025,Potrero Hill
0922002,Marina
4591D011,Bayview Hunters Point
0870001,Hayes Valley
0163024,North Beach
0091001,Russian Hill
4591C092,Bayview Hunters Point
1219028,Haight Ashbury
4918023,Bayview Hunters Point
4591C064,Bayview Hunters Point
0657002,Pacific Heights
3596042,Mission
3519034,South of Market
2689026,Castro/Upper Market
8937002,Treasure Island
7366001,Lakeshore
4852015,Bayview Hunters Point
1744014,Inner Sunset
4597001,Bayview Hunters Point
3579022B,Castro/Upper Market
0462A014,Marina
5943008,Excelsior
3631034,Mission
4587018,Bayview Hunters Point
0163025,North Beach
0919006A,Marina
2649025,Castro/Upper Market
1456024,Outer Richmond
4031001B,Potrero Hill
6632034,Noe Valley
1939033,Treasure Island
4059012,Potrero Hill
3722078,Financial District/South Beach
1770033,Inner Sunset
0146023,Chinatown
7537063,Glen Park
4027005,Potrero Hill
0794058,Hayes Valley
4596017,Bayview Hunters Point
5710052,Bernal Heights
2626026,Castro/Upper Market
6313002,Visitacion Valley
4224152,Potrero Hill
3721045A,Financial District/South Beach
5661013,Bernal Heights
3834ROWB,Mission Bay
1289071,Inner Sunset
1248012,Haight Ashbury
3648013,Mission
3752019,South of Market
3753140,South of Market
0121011,Russian Hill
0520011,Marina
6272029,Excelsior
3736017,Financial District/South Beach
5713034,Bernal Heights
7295022,Lakeshore
5535037,Bernal Heights
3207026,Outer Mission
4267010,Mission
3251005,West of Twin Peaks
0656035,Pacific Heights
6179002,McLaren Park
0604003,Pacific Heights
1816015A,Sunset/Parkside
3757064,South of Market
1939002,Treasure Island
4912001,Bayview Hunters Point
3612009,Mission
3544045,Castro/Upper Market
3617071,Mission
7358001,Lakeshore
1418006,Outer Richmond
0221022,Nob Hill
5448007,Portola
0659030,Pacific Heights
7348001,Lakeshore
0478003,Russian Hill
4884025,Bayview Hunters Point
1939056,Treasure Island
0465A028,Marina
3596079,Mission
5000028,Bayview Hunters Point
4586014,Bayview Hunters Point
9900062,Mission Bay
1175030,Lone Mountain/USF
1217017,Haight Ashbury
7153049,Outer Mission
4912020,Bayview Hunters Point
0526014,Russian Hill
4287018,Bayview Hunters Point
4720014,Bayview Hunters Point
4605008,Bayview Hunters Point
8958001,Treasure Island
4591A089,Bayview Hunters Point
3619128,Noe Valley
4591C080,Bayview Hunters Point
2650021,Castro/Upper Market
1042019,Presidio Heights
3787010,South of Market
1132001,Lone Mountain/USF
4096057,Potrero Hill
4956007,Bayview Hunters Point
1223002,Haight Ashbury
3517041,South of Market
3584045,Castro/Upper Market
3598022,Mission
4329017,Bayview Hunters Point
3784044,South of Market
3548016,Mission
4144018,Mission
1939062,Treasure Island
1366013,Inner Richmond
3584065,Castro/Upper Market
3635010,Mission
1536015,Inner Richmond
0621007,Nob Hill
0488A015,Marina
3636020,Mission
8946003,Treasure Island
6657073,Glen Park
1545050,Inner Richmond
5501012,Bernal Heights
4591C199,Bayview Hunters Point
3645006,Mission
5703036,Bernal Heights
0869035,Hayes Valley
9900040,Mission Bay
0832003,Hayes Valley
0653011,Pacific Heights
1344021,Seacliff
6615015,Noe Valley
6593026,Noe Valley
3537184,Castro/Upper Market
1290025,Inner Sunset
3589047,Mission
1503062,Outer Richmond
0467A040,Marina
3740027,Financial District/South Beach
4991626,Bayview Hunters Point
3569089,Mission
4591D038,Bayview Hunters Point
1050021,Pacific Heights
5703001,Bernal Heights
6535006,Noe Valley
4591A087,Bayview Hunters Point
1415001A,Outer Richmond
6631048,Noe Valley
1372037,Inner Richmond
0827008,Hayes Valley
6616020,Noe Valley
3718038,Financial District/South Beach
3779013,South of Market
0436F101,Marina
6361028,Visitacion Valley
4805017,Bayview Hunters Point
0947045,Marina
8933002,Treasure Island
1622007,Outer Richmond
1176013,Lone Mountain/USF
4591C220,Bayview Hunters Point
0438A027,Marina
1533043,Inner Richmond
6720031,Bernal Heights
1281008,Haight Ashbury
1198006,Lone Mountain/USF
3649019B,Noe Valley
6692064,Bernal Heights
5678012,Bernal Heights
4143024,Mission
1855045,Inner Sunset
1842001,Inner Sunset
1419041,Outer Richmond
4276004,Mission
0061028,North Beach
0495026,Marina
4210030,Mission
1929A009B,Inner Sunset
5291017,Bayview Hunters Point
5858024,Portola
0186012,Russian Hill
3563012,Castro/Upper Market
3640076,Mission
0503096,Marina
3736061,Financial District/South Beach
2168021,Sunset/Parkside
4025012,Mission
2409042A,West of Twin Peaks
5447056,Portola
1387019,Seacliff
0634032,Pacific Heights
4572002,Bayview Hunters Point
3629010,Noe Valley
7109001,Outer Mission
1237009,Haight Ashbury
1376012,Outer Richmond
0028015,North Beach
4597020,Bayview Hunters Point
3927010,Mission
5350011,Bayview Hunters Point
6549041,Noe Valley
3557106,Castro/Upper Market
1939037,Treasure Island
3598073,Mission
3725089,South of Market
3034COM,West of Twin Peaks
5867036,Excelsior
1135010,Lone Mountain/USF
4624036,Bayview Hunters Point
6685049,Glen Park
3749040,Financial District/South Beach
6615010,Noe Valley
4591C195,Bayview Hunters Point
6514003,Mission
1236016,Haight Ashbury
3655002,Noe Valley
1559042,Outer Richmond
1284005,Haight Ashbury
1550007,Inner Richmond
5517048,Bernal Heights
3575018,Mission
0872007,Hayes Valley
3572011,Mission
5806009,Bernal Heights
3632041,Mission
0069070,Russian Hill
3741035,Financial District/South Beach
0195012,Chinatown
3562024,Castro/Upper Market
2617029,Haight Ashbury
8713001,Mission Bay
0814005,Tenderloin
7177045,Outer Mission
2693026,Castro/Upper Market
3566026,Castro/Upper Market
3545058,Mission
3540040,Castro/Upper Market
1229008,Haight Ashbury
3626041,Noe Valley
0858037,Hayes Valley
5423A022,Bayview Hunters Point
1177036,Lone Mountain/USF
7098008,Outer Mission
3560005,Castro/Upper Market
7061035,Oceanview/Merced/Ingleside
5884011,Portola
1684003K,Outer Richmond
3553054,Mission
6117030,Portola
3748008,Financial District/South Beach
5893021,Excelsior
4991257,Bayview Hunters Point
0776044,Western Addition
1079013,Japantown
3755198,South of Market
1939071,Treasure Island
4046002,Potrero Hill
4866001,Bayview Hunters Point
4866012,Bayview Hunters Point
1338023,Presidio
1939012,Treasure Island
4865001,Bayview Hunters Point
4866003,Bayview Hunters Point
4866006,Bayview Hunters Point
1338022,Seacliff
4867019,Bayview Hunters Point
4867001,Bayview Hunters Point
4867023,Bayview Hunters Point
4866014,Bayview Hunters Point
1939088,Treasure Island
4867020,Bayview Hunters Point
4866002,Bayview Hunters Point
1939072,Treasure Island
4866013,Bayview Hunters Point
1338021,Presidio
1939093,Treasure Island
4867002,Bayview Hunters Point
4866005,Bayview Hunters Point
4866011,Bayview Hunters Point
1939070,Treasure Island
4866007,Bayview Hunters Point
4867003,Bayview Hunters Point
1939027,Treasure Island
4866004,Bayview Hunters Point
1939092,Treasure Island
4867018,Bayview Hunters Point
4867022,Bayview Hunters Point
4867021,Bayview Hunters Point
4867017,Bayview Hunters Point
4866010,Bayview Hunters Point
4867004,Bayview Hunters Point
0597001,Russian Hill
2923054,West of Twin Peaks
3738004,Financial District/South Beach
1939141,Treasure Island
8701002,Mission Bay
3582060,Castro/Upper Market
3615031,Mission
0100009,Russian Hill
1738048,Inner Sunset
4591D119,Bayview Hunters Point
6359002,Visitacion Valley
2698030,Castro/Upper Market
3548084,Mission
1152030,Western Addition
2041029,Inner Sunset
5044009,Bayview Hunters Point
1156021,Western Addition
4591C116,Bayview Hunters Point
3593005,Mission
1767028,Inner Sunset
4991621,Bayview Hunters Point
0552006,Marina
1223043,Haight Ashbury
1073011A,Presidio Heights
0248002,Nob Hill
4624449,Bayview Hunters Point
1503039,Outer Richmond
0867057,Hayes Valley
4991630,Bayview Hunters Point
2038A017,Inner Sunset
1024028,Pacific Heights
1053008,Pacific Heights
3597041,Mission
3732201,South of Market
4591D127,Bayview Hunters Point
3736114,Financial District/South Beach
3008043,West of Twin Peaks
8711023,Mission Bay
3597040,Mission
0342004,Tenderloin
4913011,Bayview Hunters Point
8705002,Mission Bay
2768035A,Noe Valley
8713004,Mission Bay
0909005A,Marina
2775012,Noe Valley
4587023,Bayview Hunters Point
1559008,Outer Richmond
0271001A,Financial District/South Beach
0862031,Haight Ashbury
2610017,Castro/Upper Market
4598003,Bayview Hunters Point
0155052,Russian Hill
0531028,Marina
3987901,Potrero Hill
3646020,Mission
3941025,Potrero Hill
4598001,Bayview Hunters Point
0931010,Marina
1661004D,Outer Richmond
3733102,South of Market
6535003,Noe Valley
1433010,Inner Richmond
7125015,Oceanview/Merced/Ingleside
1082016,Presidio Heights
4094030,Potrero Hill
4170002,Potrero Hill
6959025,Outer Mission
8954002,Treasure Island
4084033,Mission
6685016,Glen Park
4884027,Bayview Hunters Point
1285023,Haight Ashbury
0501020,Russian Hill
2857032,West of Twin Peaks
0342014,Tenderloin
3941034,Potrero Hill
1374001,Outer Richmond
1272007,Haight Ashbury
1503060,Outer Richmond
1219032,Haight Ashbury
3629005,Noe Valley
5304030,Bayview Hunters Point
1796045,Sunset/Parkside
0072007,Russian Hill
0516027B,Marina
1376047,Outer Richmond
0716007,Tenderloin
3779125,South of Market
1182082,Hayes Valley
1045019,Presidio Heights
8906008,Treasure Island
0049005,Russian Hill
3702053,South of Market
2608006,Castro/Upper Market
4591C193,Bayview Hunters Point
7331040,Lakeshore
4591C201,Bayview Hunters Point
6722023,Outer Mission
0120083,Russian Hill
0604008,Pacific Heights
5972042,Portola
0956013,Pacific Heights
4587005,Bayview Hunters Point
6311009,Visitacion Valley
3563015,Castro/Upper Market
4175026,Potrero Hill
4152032,Mission
3617009,Mission
4022003,Mission
5670018,Bernal Heights
6594015,Noe Valley
6654059,Glen Park
5062006,Bayview Hunters Point
1669019,Outer Richmond
7153011,Outer Mission
4108001,Potrero Hill
1442022,Inner Richmond
6532003A,Mission
0467A032,Marina
5054A108,Bayview Hunters Point
3588024,Mission
5717010,Bernal Heights
1432047,Inner Richmond
3575032,Mission
1939160,Treasure Island
1259009,Haight Ashbury
3580036,Castro/Upper Market
1378019A,Outer Richmond
2643027,Twin Peaks
3589025,Mission
6692023,Bernal Heights
1706051,Sunset/Parkside
2720009,Castro/Upper Market
6634015,Noe Valley
0860006,Hayes Valley
0494011,Marina
0223012,Nob Hill
7535102,Noe Valley
1709055,Sunset/Parkside
3941041,Potrero Hill
4956005,Bayview Hunters Point
4606013,Bayview Hunters Point
3941040,Potrero Hill
0544001,Marina
4276039,Mission
6548036,Noe Valley
1629002,Outer Richmond
0869021,Hayes Valley
3519035,South of Market
1282018,Haight Ashbury
4624056,Bayview Hunters Point
0862014,Haight Ashbury
3739013,Financial District/South Beach
1187002C,Lone Mountain/USF
6655018,Glen Park
1289087,Inner Sunset
5046011,Bayview Hunters Point
1939079,Treasure Island
0739007,Tenderloin
3994006,Potrero Hill
1760042,Inner Sunset
3540020,Castro/Upper Market
0138003,Financial District/South Beach
6690049,Glen Park
5227026,Bayview Hunters Point
1739048,Inner Sunset
2806043,Noe Valley
2690021,Castro/Upper Market
3762148,South of Market
6562040,Noe Valley
4162004,Potrero Hill
4646022,Bayview Hunters Point
0867082,Hayes Valley
2772006,Noe Valley
2864030,West of Twin Peaks
0761023,Western Addition
6311021,Visitacion Valley
4100076,Potrero Hill
2752003,Castro/Upper Market
1640012,Inner Richmond
0811002,Tenderloin
1651010,Inner Richmond
2620014,Castro/Upper Market
0843029,Hayes Valley
5503029,Bernal Heights
5046015,Bayview Hunters Point
5044003,Bayview Hunters Point
1457018,Outer Richmond
6512019,Mission
3731126,South of Market
0559017,Pacific Heights
3646018,Mission
4591D003,Bayview Hunters Point
2618001,Castro/Upper Market
0858012,Hayes Valley
3800002,Mission Bay
3078008,West of Twin Peaks
3736075,Financial District/South Beach
0466A010,Marina
7513051,Noe Valley
0492014,Marina
7331CMF,Lakeshore
7335009,Lakeshore
1575022,Outer Richmond
0041009,North Beach
3631010,Mission
4591D069,Bayview Hunters Point
0258004,Financial District/South Beach
1635008,Inner Richmond
3534025A,Mission
6507027,Noe Valley
0657014,Pacific Heights
6618009,Noe Valley
2658047,Castro/Upper Market
5667001,Bernal Heights
3180206,West of Twin Peaks
0992001A,Presidio Heights
7331111,Lakeshore
1548041,Inner Richmond
4991056,Bayview Hunters Point
1517007,Outer Richmond
2828043,Noe Valley
5643023,Bernal Heights
8954001,Treasure Island
0817048,Hayes Valley
2749001A,Castro/Upper Market
9900054H,Mission Bay
5000025,Bayview Hunters Point
0631001,Pacific Heights
0024029,Russian Hill
1760002,Inner Sunset
0570011,Pacific Heights
0854008,Hayes Valley
2806033,Noe Valley
8704005,Mission Bay
6747030,Outer Mission
3609099,Mission
5868007,Excelsior
7160011,Outer Mission
3648029,Mission
0987018,Presidio Heights
4591D034,Bayview Hunters Point
1648001,Inner Richmond
6524048,Mission
4624058,Bayview Hunters Point
2374019,Sunset/Parkside
0761031,Western Addition
5518012,Bernal Heights
0523043,Russian Hill
1368001A,Inner Richmond
3535002,Castro/Upper Market
6511023,Mission
4006006,Potrero Hill
6549027,Noe Valley
4621011,Bayview Hunters Point
4991279,Bayview Hunters Point
5657041,Bernal Heights
1020047,Presidio Heights
6710007,Glen Park
6051020,Portola
4917003,Bayview Hunters Point
3569064,Mission
3611033,Mission
1839022A,Inner Sunset
4591D004,Bayview Hunters Point
0486A007,Marina
3608016,Mission
7178008,Oceanview/Merced/Ingleside
4968038,Bayview Hunters Point
7331CMP,Lakeshore
4274001A,Mission
1939167,Treasure Island
4572001,Bayview Hunters Point
0050020,Russian Hill
3602082,Castro/Upper Market
6630038,Noe Valley
1939042,Treasure Island
5436015,Portola
1533018B,Inner Richmond
6592014,Noe Valley
1376017,Outer Richmond
4100077,Potrero Hill
3718012,Financial District/South Beach
5350012,Bayview Hunters Point
0798019,Hayes Valley
4720027,Bayview Hunters Point
3530022,Mission
1211028,Lone Mountain/USF
6550027A,Noe Valley
7551033,Glen Park
0785051,Hayes Valley
1021025,Presidio Heights
3143019A,West of Twin Peaks
0942027,Marina
3549018B,Mission
4160053,Potrero Hill
4805001,Bayview Hunters Point
1939151,Treasure Island
9900052,Mission Bay
3619018,Noe Valley
3613018B,Mission
1232027,Haight Ashbury
0865024,Haight Ashbury
3144A039,Outer Mission
3705038,South of Market
0868035,Hayes Valley
7308006,Lakeshore
1021028,Presidio Heights
7135044,Oceanview/Merced/Ingleside
1239003,Haight Ashbury
3602059,Castro/Upper Market
0647008,Western Addition
0331010,Tenderloin
4112002,Potrero Hill
3612002,Mission
3775104,Financial District/South Beach
3995023,Potrero Hill
3561008,Castro/Upper Market
3730159,South of Market
3505032,Mission
0304020,Tenderloin
4117002,Potrero Hill
1709044,Sunset/Parkside
0100069,Russian Hill
3941024,Potrero Hill
1232016,Haight Ashbury
2414002,West of Twin Peaks
2515001,Sunset/Parkside
3180191,West of Twin Peaks
0436E015,Marina
4064020,Potrero Hill
3561016,Castro/Upper Market
5335039,Bayview Hunters Point
2936B006,West of Twin Peaks
4591D041,Bayview Hunters Point
2691024,Castro/Upper Market
6117078,Portola
0777023,Western Addition
1597005,Outer Richmond
4630100,Bayview Hunters Point
6663015A,Glen Park
1252018,Haight Ashbury
6249003,Visitacion Valley
2034A038,Inner Sunset
2691028,Castro/Upper Market
1848038,Inner Sunset
4622016,Bayview Hunters Point
4218053,Potrero Hill
3619053,Noe Valley
5523036,Bernal Heights
2876COM,West of Twin Peaks
3547003,Mission
4224012,Potrero Hill
4968017,Bayview Hunters Point
1019062,Presidio Heights
2636COMA,Inner Sunset
6239050,Visitacion Valley
5262010,Bayview Hunters Point
6542026,Noe Valley
1924038,Sunset/Parkside
7174008,Outer Mission
1680011,Outer Richmond
0069006A,Russian Hill
3587018,Mission
6361027,Visitacion Valley
3754003,South of Market
1065008,Presidio Heights
0511007,Marina
6314004,Visitacion Valley
3729033,South of Market
5992A071,Portola
3608074,Mission
4763054,Bayview Hunters Point
1154030,Western Addition
2385003,Sunset/Parkside
3706003,Financial District/South Beach
3553027,Mission
4591D053,Bayview Hunters Point
3581024,Castro/Upper Market
0761026,Western Addition
4160064,Potrero Hill
7127010A,Oceanview/Merced/Ingleside
0822020,Hayes Valley
4151026,Mission
0148013,Chinatown
4591C108,Bayview Hunters Point
1361018,Inner Richmond
4591D092,Bayview Hunters Point
3722067,Financial District/South Beach
0570041,Pacific Heights
7164012A,Outer Mission
0453013D,Russian Hill
4829026,Bayview Hunters Point
4031045,Potrero Hill
4991OS8,Bayview Hunters Point
7174047,Outer Mission
2828042,Noe Valley
0531005,Marina
0094042,Russian Hill
3568040,Mission
1444027,Inner Richmond
3638070,Mission
4970007,Bayview Hunters Point
2768036,Noe Valley
3598003,Mission
5662022,Bernal Heights
0811003,Tenderloin
1179024A,Western Addition
4850024,Bayview Hunters Point
5000009,Bayview Hunters Point
1405070,Outer Richmond
4038021,Potrero Hill
1376023,Outer Richmond
0503022,Marina
9900029,North Beach
3962012,Mission
4279033,Mission
6508024A,Noe Valley
1857037,Inner Sunset
5859033,Portola
4295010,Bayview Hunters Point
4586005,Bayview Hunters Point
6619008,Noe Valley
5520024,Bernal Heights
3721068,Financial District/South Beach
0125019A,Russian Hill
0540006,Marina
6534008,Mission
3521034,Mission
4175025,Potrero Hill
0314014,Financial District/South Beach
3538016,Castro/Upper Market
1259031,Haight Ashbury
6530018,Mission
3583054,Castro/Upper Market
0077029,North Beach
1020014,Presidio Heights
3736062,Financial District/South Beach
6597031,Bernal Heights
4318020,Bayview Hunters Point
0495009B,Marina
2034A012,Inner Sunset
0939014,Marina
3505031,Mission
4936015,Bayview Hunters Point
1058007,Presidio Heights
5616011,Bernal Heights
0071002,Russian Hill
0543015,Marina
4093066,Potrero Hill
4116005,Potrero Hill
3800004,Mission Bay
6931023,West of Twin Peaks
1386001,Outer Richmond
0043001,North Beach
6529011,Mission
5556030,Bernal Heights
2690025,Castro/Upper Market
5634014,Bernal Heights
4142026,Mission
2045056,Inner Sunset
4591A088,Bayview Hunters Point
6800048,Outer Mission
3789857,Financial District/South Beach
4327A015,Bayview Hunters Point
4877004,Bayview Hunters Point
1168040,Lone Mountain/USF
4644005A,Bayview Hunters Point
3751153,South of Market
5634025,Bernal Heights
8950001,Treasure Island
6603051,Noe Valley
5657020,Bernal Heights
3616054,Mission
1250016,Haight Ashbury
7330016,Lakeshore
0918002L,Marina
4591A086,Bayview Hunters Point
6235032,Visitacion Valley
3705010,South of Market
0867012,Hayes Valley
1463023,Outer Richmond
3595007C,Mission
6635017,Bernal Heights
3596075,Mission
0436D020,Marina
0474014,Marina
4005005,Potrero Hill
1080024,Japantown
0864001,Haight Ashbury
3752023,South of Market
3065057,West of Twin Peaks
2674027,Inner Sunset
3765019,Financial District/South Beach
0506009,Marina
2805063,Noe Valley
6596012,Bernal Heights
5643011,Bernal Heights
7173046,Outer Mission
0024031,Russian Hill
1047053,Presidio Heights
1201022,Hayes Valley
2617A050,Haight Ashbury
3732048,South of Market
3566032,Castro/Upper Market
0086001D,North Beach
5335ACOMP,Bayview Hunters Point
4621003,Bayview Hunters Point
5045006,Bayview Hunters Point
0052010,North Beach
0629054,Pacific Heights
7331CMB,Lakeshore
3604053,Castro/Upper Market
0068021,Russian Hill
0272001C,Nob Hill
0867007,Hayes Valley
0528015,Marina
1728027,Sunset/Parkside
5000038,Bayview Hunters Point
5744040,Bernal Heights
1635037,Inner Richmond
0667046,Nob Hill
1198019,Lone Mountain/USF
1197006,Lone Mountain/USF
4003017,Potrero Hill
4991258,Bayview Hunters Point
1245023,Haight Ashbury
3774065,Financial District/South Beach
0514015A,Marina
1217012,Haight Ashbury
6513010A,Mission
1334007,Seacliff
3518029,South of Market
0927006,Marina
0660012,Pacific Heights
6506042,Noe Valley
4221AEASM,Potrero Hill
4591D103,Bayview Hunters Point
0287013,Financial District/South Beach
3961015,Mission
7365001,Lakeshore
6515022,Mission
1255069,Haight Ashbury
3977019,Potrero Hill
6361029,Visitacion Valley
0589026,Pacific Heights
3568092,Mission
0937005,Marina
0851047,Hayes Valley
3731101,South of Market
0838022,Hayes Valley
1101048,Western Addition
5683012,Bernal Heights
0166002,Financial District/South Beach
3598036,Mission
0571013,Russian Hill
1234011,Haight Ashbury
6632037,Noe Valley
3785021,Mission Bay
6521047,Mission
6617020,Noe Valley
1629008,Outer Richmond
8702001,Mission Bay
1249023,Haight Ashbury
7331052,Lakeshore
6244075,Visitacion Valley
4080062,Mission
3511059,Mission
1881047A,Sunset/Parkside
3606003A,Castro/Upper Market
1939178,Treasure Island
0694010,Tenderloin
3576018,Mission
1355001,Inner Richmond
6601008,Noe Valley
1289064,Inner Sunset
3760126,South of Market
6600032,Noe Valley
4591D072,Bayview Hunters Point
4918022,Bayview Hunters Point
5291030,Bayview Hunters Point
6534016C,Mission
1156006,Western Addition
6951EASE,Outer Mission
1085008,Lone Mountain/USF
4260006,Potrero Hill
1081023,Presidio Heights
3704072,South of Market
1268004,Haight Ashbury
6545046,Noe Valley
7335013,Lakeshore
1152017,Western Addition
0839021,Hayes Valley
1350004,Inner Richmond
6356061,Visitacion Valley
1367035,Inner Richmond
1040026,Presidio Heights
3578054C,Mission
5044011,Bayview Hunters Point
0189019,Nob Hill
4037031,Potrero Hill
0744010,Western Addition
1464006,Outer Richmond
4605020,Bayview Hunters Point
0436C031,Marina
0677012,Pacific Heights
6684017A,Glen Park
7074002,Oceanview/Merced/Ingleside
1005025,Pacific Heights
0863002,Haight Ashbury
0113049,North Beach
7143003A,Outer Mission
0481029,Marina
3928010,Mission
5415013,Bayview Hunters Point
2766025B,Noe Valley
4991255,Bayview Hunters Point
5406012,Bayview Hunters Point
4591D139,Bayview Hunters Point
6522031,Mission
0619012,Russian Hill
3542012,Castro/Upper Market
3777032,South of Market
6659013,Glen Park
0168058,Financial District/South Beach
0829008,Hayes Valley
0143029,North Beach
2614079,Castro/Upper Market
5988033,Portola
6632015,Noe Valley
1290012,Inner Sunset
3587007,Mission
4266032,Mission
1431040,Inner Richmond
2409040,West of Twin Peaks
3644014,Mission
0938003,Marina
3545088,Mission
1619006F,Outer Richmond
1532026B,Inner Richmond
3786009,South of Market
0992024,Presidio Heights
6583015C,Noe Valley
0531001,Marina
4100082,Potrero Hill
2823A016,Twin Peaks
1020049,Presidio Heights
0133013,North Beach
3726031,South of Market
0533005,Marina
4829013,Bayview Hunters Point
3708176,Financial District/South Beach
1191019,Lone Mountain/USF
0088033,North Beach
5423A014,Bayview Hunters Point
1333020,Seacliff
3606066,Castro/Upper Market
7309A002,Lakeshore
4106002,Potrero Hill
7174033,Outer Mission
4591C209,Bayview Hunters Point
1045015,Presidio Heights
3706125,Financial District/South Beach
2660011G,Castro/Upper Market
3646019,Mission
4591C061,Bayview Hunters Point
0157082,Nob Hill
3650032,Noe Valley
4115003,Potrero Hill
1503006,Outer Richmond
4587014,Bayview Hunters Point
0793077,Hayes Valley
0479007,Marina
4327A018,Bayview Hunters Point
2649031B,Castro/Upper Market
5045007,Bayview Hunters Point
0145025,North Beach
3746005,Financial District/South Beach
1563038,Outer Richmond
0578014,Pacific Heights
2704050,Castro/Upper Market
7368001,Lakeshore
2017020A,Sunset/Parkside
6310009,Visitacion Valley
4624029,Bayview Hunters Point
7331024,Lakeshore
3749064,Financial District/South Beach
7113023,Oceanview/Merced/Ingleside
3750080,Financial District/South Beach
1082025,Presidio Heights
3730080,South of Market
0438A011,Marina
7326002,Lakeshore
5671029,Bernal Heights
7335008,Lakeshore
1939099,Treasure Island
6632054,Noe Valley
5521007,Bernal Heights
1229004,Haight Ashbury
3567006,Mission
2614013,Castro/Upper Market
0845020,Haight Ashbury
1117008,Lone Mountain/USF
4591A081,Bayview Hunters Point
6632027,Noe Valley
0477016F,Russian Hill
4096070,Potrero Hill
0511020,Marina
1193033,Lone Mountain/USF
1182031,Hayes Valley
6569017,Mission
2649020A,Castro/Upper Market
1127007,Western Addition
9900049,North Beach
3555031K,Mission
4591C104,Bayview Hunters Point
3640001,Mission
4591D046,Bayview Hunters Point
0793024,Hayes Valley
5713024,Bernal Heights
1924035,Sunset/Parkside
2056014,Sunset/Parkside
4591C081,Bayview Hunters Point
2041031,Inner Sunset
3776092,South of Market
0732019,Western Addition
2660045,Castro/Upper Market
7331005,Lakeshore
3747019,Financial District/South Beach
3737005,Financial District/South Beach
0317017,Tenderloin
0286025,Financial District/South Beach
4591C055,Bayview Hunters Point
0153022,Russian Hill
6318023,Visitacion Valley
5335ACOMF,Bayview Hunters Point
7326011,Lakeshore
3576058,Mission
3620051,Noe Valley
3596102,Mission
4266034,Mission
3727067,South of Market
5467023,Portola
2863034,West of Twin Peaks
0694007,Tenderloin
3600078,Castro/Upper Market
1361045,Inner Richmond
3702051,South of Market
0775025,Western Addition
0852035,Hayes Valley
1282016A,Haight Ashbury
3556274,Mission
1225016,Haight Ashbury
4276038,Mission
3584007,Castro/Upper Market
1380025,Outer Richmond
1129025,Western Addition
2715006,Twin Peaks
3632040,Mission
3525079,South of Market
1344001,Seacliff
2094005,Sunset/Parkside
3180208,West of Twin Peaks
4267012,Mission
2750010,Castro/Upper Market
7536035,Noe Valley
6529034,Mission
5000043,Bayview Hunters Point
4084010,Mission
5072046,Bayview Hunters Point
1043028,Presidio Heights
5524033B,Bernal Heights
2630006,Inner Sunset
1193110,Lone Mountain/USF
6409010,Excelsior
6594041,Noe Valley
1571003,Outer Richmond
1178014,Western Addition
7059035,Oceanview/Merced/Ingleside
0537001G,Marina
1728025,Sunset/Parkside
4929005,Bayview Hunters Point
4950003,Bayview Hunters Point
4952002,Bayview Hunters Point
4952001,Bayview Hunters Point
4929015,Bayview Hunters Point
4950007,Bayview Hunters Point
4951005,Bayview Hunters Point
4951003,Bayview Hunters Point
4950005,Bayview Hunters Point
4951002,Bayview Hunters Point
4929021,Bayview Hunters Point
4950001,Bayview Hunters Point
4950002,Bayview Hunters Point
4950017,Bayview Hunters Point
4950004,Bayview Hunters Point
4951006,Bayview Hunters Point
4951011,Bayview Hunters Point
4929012,Bayview Hunters Point
4929002,Bayview Hunters Point
4929004,Bayview Hunters Point
4929019,Bayview Hunters Point
4952003,Bayview Hunters Point
4929010,Bayview Hunters Point
4929016,Bayview Hunters Point
4930001,Bayview Hunters Point
4950008,Bayview Hunters Point
4929014,Bayview Hunters Point
4929001,Bayview Hunters Point
4950015,Bayview Hunters Point
4950016,Bayview Hunters Point
4929017,Bayview Hunters Point
4929018,Bayview Hunters Point
4929008,Bayview Hunters Point
4950023,Bayview Hunters Point
4929011,Bayview Hunters Point
4951008,Bayview Hunters Point
4929022,Bayview Hunters Point
4931001,Bayview Hunters Point
4950010,Bayview Hunters Point
4950014,Bayview Hunters Point
4951012,Bayview Hunters Point
4950022,Bayview Hunters Point
4951007,Bayview Hunters Point
4950020,Bayview Hunters Point
4950006,Bayview Hunters Point
4950011,Bayview Hunters Point
4929003,Bayview Hunters Point
4929009,Bayview Hunters Point
4929013,Bayview Hunters Point
4929024,Bayview Hunters Point
4951010,Bayview Hunters Point
4950012,Bayview Hunters Point
4929006,Bayview Hunters Point
4950021,Bayview Hunters Point
4950009,Bayview Hunters Point
4929020,Bayview Hunters Point
4951004,Bayview Hunters Point
4951009,Bayview Hunters Point
4951001,Bayview Hunters Point
4950013,Bayview Hunters Point
4950018,Bayview Hunters Point
4950024,Bayview Hunters Point
4952004,Bayview Hunters Point
4929023,Bayview Hunters Point
4951013,Bayview Hunters Point
4929007,Bayview Hunters Point
4950019,Bayview Hunters Point
0679035,Pacific Heights
1007003,Presidio Heights
3961006,Mission
2698007,Castro/Upper Market
0508024,Marina
0314013,Financial District/South Beach
1368051,Inner Richmond
3545005,Mission
4597021,Bayview Hunters Point
0342013,Tenderloin
5000039,Bayview Hunters Point
1002048,Pacific Heights
3557053,Castro/Upper Market
1652010K,Inner Richmond
1269109,Haight Ashbury
6772044,West of Twin Peaks
3641066,Mission
1727004,Sunset/Parkside
2129007,West of Twin Peaks
3540083,Castro/Upper Market
3602062A,Castro/Upper Market
1159023,Lone Mountain/USF
1622044,Outer Richmond
4654014A,Bayview Hunters Point
4591D083,Bayview Hunters Point
4591D097,Bayview Hunters Point
7542050,Glen Park
0476006B,Russian Hill
1197025C,Lone Mountain/USF
0061015,North Beach
3777176,South of Market
4115004,Potrero Hill
1625012,Outer Richmond
8934004,Treasure Island
3728087,South of Market
3730158,South of Market
7331106,Lakeshore
2654014,Castro/Upper Market
1765003,Inner Sunset
3518024A,South of Market
0495027,Marina
8711029A,Mission Bay
7538034,Glen Park
0554009,Marina
6528015,Mission
3941029,Potrero Hill
3519064,South of Market
3655031,Noe Valley
4991418,Bayview Hunters Point
3547032,Mission
0029003,North Beach
0677116,Pacific Heights
2918027,West of Twin Peaks
0556011,Marina
1651029,Inner Richmond
8727012,Mission Bay
3555035,Mission
1387024,Seacliff
4260030,Potrero Hill
1891046,Sunset/Parkside
4111008,Potrero Hill
1413025,Outer Richmond
8953006,Treasure Island
0477009,Russian Hill
4991245,Bayview Hunters Point
0595001,Russian Hill
3777034,South of Market
0939016,Marina
1151016,Lone Mountain/USF
4069026,Potrero Hill
4912021,Bayview Hunters Point
3707031,Financial District/South Beach
3543008,Castro/Upper Market
4347A001,Bayview Hunters Point
0419A006,Marina
0466A042,Marina
6361003,Visitacion Valley
4956012,Bayview Hunters Point
0583006,Pacific Heights
6537036,Noe Valley
6525034,Mission
4013016,Mission
4572009,Bayview Hunters Point
2714013A,Twin Peaks
1924019,Sunset/Parkside
3706117,Financial District/South Beach
0978036,Pacific Heights
0806060,Hayes Valley
3727061,South of Market
4591C099,Bayview Hunters Point
1924026,Sunset/Parkside
3755111,South of Market
5541020,Bernal Heights
1458013,Outer Richmond
5716019,Bernal Heights
5250021,Bayview Hunters Point
1289047,Inner Sunset
5598011,Bayview Hunters Point
4264026,Mission
3521022,Mission
3076047,West of Twin Peaks
1862A022,Inner Sunset
1939018,Treasure Island
1197006C,Lone Mountain/USF
3584024,Castro/Upper Market
1939032,Treasure Island
7369001,Lakeshore
0126006,Nob Hill
9900045,North Beach
3553029,Mission
3754008,South of Market
4829007,Bayview Hunters Point
7148039,Oceanview/Merced/Ingleside
3518014,South of Market
4591A011*,Bayview Hunters Point
7351001,Lakeshore
3589049,Mission
0844008,Haight Ashbury
0677015,Pacific Heights
1924031,Sunset/Parkside
0651055,Pacific Heights
5514003,Bernal Heights
4162029,Potrero Hill
5102010,Bayview Hunters Point
7331CMK,Lakeshore
3719011,Financial District/South Beach
8934007,Treasure Island
1758012,Inner Sunset
1112027,Lone Mountain/USF
3765009,Financial District/South Beach
4207028,Mission
2346024,West of Twin Peaks
7518COM,Noe Valley
4700031,Bayview Hunters Point
3641076,Mission
6654027,Glen Park
2935012,West of Twin Peaks
0919006B,Marina
3602024,Castro/Upper Market
4591D014,Bayview Hunters Point
4591D024,Bayview Hunters Point
3537042,Castro/Upper Market
5062009,Bayview Hunters Point
6239049,Visitacion Valley
5634020,Bernal Heights
7331CMM,Lakeshore
7504024,Noe Valley
3640007,Mission
5633005,Bernal Heights
1372013,Inner Richmond
1939045,Treasure Island
4161003,Potrero Hill
2659058,Castro/Upper Market
1844031,Inner Sunset
3557046,Castro/Upper Market
3595046,Mission
7331051,Lakeshore
1024029B,Pacific Heights
4606019,Bayview Hunters Point
1406030A,Outer Richmond
2778018,Twin Peaks
8719A006,Mission Bay
0861099,Haight Ashbury
1276010,Haight Ashbury
1266025,Inner Sunset
6755025,West of Twin Peaks
2653025,Castro/Upper Market
0580004,Pacific Heights
3736116,Financial District/South Beach
1220006,Haight Ashbury
5731004,Bernal Heights
7331027,Lakeshore
3941036,Potrero Hill
3720005,Financial District/South Beach
2864031,West of Twin Peaks
3602047,Castro/Upper Market
3602067,Castro/Upper Market
5843002,Bernal Heights
3613017A,Mission
0436E028,Marina
0441B008,Marina
4207027,Mission
1765033,Inner Sunset
6563027,Noe Valley
4113003,Potrero Hill
8933004,Treasure Island
3702391,South of Market
0186048,Russian Hill
3726103,South of Market
3778031,South of Market
1269057,Haight Ashbury
2612061,Castro/Upper Market
3560026,Castro/Upper Market
4591C179,Bayview Hunters Point
7331006,Lakeshore
1265009,Inner Sunset
6513020,Mission
4211034,Mission
6509006,Noe Valley
4624057,Bayview Hunters Point
0588016,Pacific Heights
1924014,Sunset/Parkside
5535036,Bernal Heights
5708026,Bernal Heights
7132027,Oceanview/Merced/Ingleside
0024030,Russian Hill
0494009,Marina
8903003,Treasure Island
0519052,Marina
0942010,Marina
2935013,West of Twin Peaks
1855004,Inner Sunset
4596001,Bayview Hunters Point
3731185,South of Market
8722012,Mission Bay
5232011,Bayview Hunters Point
4116003,Potrero Hill
3752089,South of Market
3941023,Potrero Hill
1924COMB,Sunset/Parkside
1665023,Outer Richmond
1379026,Outer Richmond
4035024,Potrero Hill
3511062,Mission
7102027,Outer Mission
1005029,Pacific Heights
4586011,Bayview Hunters Point
1759044,Inner Sunset
2720008,Castro/Upper Market
0505001E,Marina
0647024,Western Addition
0045046,Russian Hill
3557063,Castro/Upper Market
1823051,Sunset/Parkside
2612039,Castro/Upper Market
5524042,Bernal Heights
3589001,Mission
1939102,Treasure Island
4764001,Bayview Hunters Point
0196022,Chinatown
6311015,Visitacion Valley
4937019,Bayview Hunters Point
1939111,Treasure Island
4098037,Potrero Hill
1047022,Presidio Heights
3509024,South of Market
3751410,South of Market
0665005,Western Addition
3595011,Mission
1211024,Lone Mountain/USF
1115025,Lone Mountain/USF
0929035,Marina
3601004,Castro/Upper Market
3987003,Potrero Hill
4172079,Potrero Hill
3777071,South of Market
3154032,Outer Mission
4591C047,Bayview Hunters Point
3544050,Castro/Upper Market
5880002,Portola
3902006,Mission
4228010,Potrero Hill
1410014,Outer Richmond
6528012,Mission
4591C078,Bayview Hunters Point
7552023,Glen Park
3544010,Castro/Upper Market
2819020,West of Twin Peaks
4828035,Bayview Hunters Point
8704006,Mission Bay
5674014,Bernal Heights
5598009,Bayview Hunters Point
4591D048,Bayview Hunters Point
0120017,Russian Hill
4591C213,Bayview Hunters Point
3608038,Mission
3905002,Mission
0504003B,Marina
4110011,Potrero Hill
0336005,Tenderloin
6513011,Mission
1895014,Sunset/Parkside
2765015,Noe Valley
3549058,Mission
6785035,Outer Mission
7226007,West of Twin Peaks
0821026,Hayes Valley
4111010,Potrero Hill
7308002,Lakeshore
4102166,Potrero Hill
7331CMY,Lakeshore
6346002F,Excelsior
0441B003,Marina
1770052,Inner Sunset
1781059,Sunset/Parkside
0807010,Hayes Valley
0855052,Hayes Valley
6615001,Noe Valley
6600008A,Noe Valley
0804016,Hayes Valley
1030007A,Presidio Heights
6526046,Mission
0026020,Russian Hill
6948028,Oceanview/Merced/Ingleside
8707004,Mission Bay
1567037,Outer Richmond
3957001,Mission Bay
3616085,Mission
4037004,Potrero Hill
0858030,Hayes Valley
0500015,Russian Hill
2614091,Castro/Upper Market
2718010,Castro/Upper Market
3655037,Noe Valley
4206060,Mission
0854007,Hayes Valley
3833003,Mission Bay
1453039,Outer Richmond
6363003,Visitacion Valley
4852016,Bayview Hunters Point
1404031,Outer Richmond
0576023,Pacific Heights
5439029,Portola
0515055,Marina
8945004,Treasure Island
1157016D,Western Addition
1086017,Lone Mountain/USF
1019024,Presidio Heights
3587080,Mission
6521004,Mission
3603131,Castro/Upper Market
1576005Q,Outer Richmond
3781001C,South of Market
8937003,Treasure Island
8720011,Mission Bay
0871009,Hayes Valley
4591D089,Bayview Hunters Point
2041032,Inner Sunset
5515007,Bernal Heights
1893043,Sunset/Parkside
5000012,Bayview Hunters Point
1041009,Presidio Heights
3702052,South of Market
5304032,Bayview Hunters Point
1706050,Sunset/Parkside
7352001,Lakeshore
0858024,Hayes Valley
0840039,Hayes Valley
0147020,Chinatown
2657023,Castro/Upper Market
5853047,Portola
0809020,Hayes Valley
3652040,Noe Valley
4591C050,Bayview Hunters Point
4591C187,Bayview Hunters Point
3154053,Outer Mission
7345C001,Lakeshore
1149005,Lone Mountain/USF
6521009,Mission
1939103,Treasure Island
4591C200,Bayview Hunters Point
4036014,Potrero Hill
3781010,South of Market
0346005,Tenderloin
6504014,Noe Valley
6660035,Bernal Heights
6635044A,Bernal Heights
0122023,Russian Hill
5046006,Bayview Hunters Point
3994010,Potrero Hill
2805003,Noe Valley
4591D051,Bayview Hunters Point
1028012,Pacific Heights
1530008A,Outer Richmond
2698071,Castro/Upper Market
3732071,South of Market
4991051,Bayview Hunters Point
4232015,Potrero Hill
0778020,Western Addition
2749022,Castro/Upper Market
2696012,Castro/Upper Market
0830020,Hayes Valley
6590057,Noe Valley
0546068,Marina
3746007,Financial District/South Beach
0063016,North Beach
4591D141,Bayview Hunters Point
1561040,Outer Richmond
1211010,Lone Mountain/USF
1730006,Sunset/Parkside
1267045,Haight Ashbury
5617041,Bernal Heights
4597012,Bayview Hunters Point
1404010,Outer Richmond
2627033,Castro/Upper Market
5419007,Bayview Hunters Point
3902007,Mission
4171024,Potrero Hill
4652015,Bayview Hunters Point
0856008,Hayes Valley
1198010,Lone Mountain/USF
6969001,Outer Mission
2847010,Twin Peaks
2630040,Inner Sunset
3766260,Financial District/South Beach
4591C183,Bayview Hunters Point
3794007,Mission Bay
1520025,Outer Richmond
0212034,Nob Hill
1202002J,Hayes Valley
4598006,Bayview Hunters Point
6747015,Outer Mission
1185009,Lone Mountain/USF
1210019,Lone Mountain/USF
4591C082,Bayview Hunters Point
4037034,Potrero Hill
2623244,Castro/Upper Market
7554007,Glen Park
7333E001,Lakeshore
6549002,Noe Valley
8906007,Treasure Island
4001003,Potrero Hill
3585029,Castro/Upper Market
6740007B,Glen Park
3732084,South of Market
4591C109,Bayview Hunters Point
1101009,Western Addition
5000040,Bayview Hunters Point
4580001,Bayview Hunters Point
3785020,Mission Bay
0296010,Nob Hill
4591D115,Bayview Hunters Point
3620067,Noe Valley
3569067,Mission
3548005,Mission
4884020,Bayview Hunters Point
1231012,Haight Ashbury
0857001A,Hayes Valley
1644004,Inner Richmond
2056007,Sunset/Parkside
3581071,Castro/Upper Market
0681027,Japantown
3737002,Financial District/South Beach
0811010,Tenderloin
3588054,Mission
3965050,Mission
1054015,Presidio Heights
6631004A,Noe Valley
6548006,Noe Valley
4720141,Bayview Hunters Point
3548037,Mission
5044013,Bayview Hunters Point
4591C087,Bayview Hunters Point
5431A015,Bayview Hunters Point
3578050,Mission
0853033,Hayes Valley
6656038A,Glen Park
4080064,Mission
0504008,Marina
0830005,Hayes Valley
6361005,Visitacion Valley
0335002A,Tenderloin
7331019,Lakeshore
3576045,Mission
7148041,Oceanview/Merced/Ingleside
6311001,Visitacion Valley
3573012,Mission
8706007,Mission Bay
0504015,Marina
1190001K,Lone Mountain/USF
7330017,Lakeshore
3736036,Financial District/South Beach
1218014,Haight Ashbury
1236020,Haight Ashbury
8711023B,Mission Bay
8906003,Treasure Island
3615001C,Mission
5745015,Bernal Heights
6233005,Visitacion Valley
4044030,Potrero Hill
6505044,Noe Valley
7098001A,Outer Mission
1835028,Inner Sunset
1217079,Haight Ashbury
7326001,Lakeshore
5556029,Bernal Heights
3538061,Castro/Upper Market
3776042,South of Market
3180010,West of Twin Peaks
5611031,Bernal Heights
4021001,Mission
8727009,Potrero Hill
5514004,Bernal Heights
5678008A,Bernal Heights
3607073,Mission
4624055,Bayview Hunters Point
3006018,West of Twin Peaks
1939096,Treasure Island
3719017,Financial District/South Beach
6235015,Visitacion Valley
2338008,West of Twin Peaks
4991603,Bayview Hunters Point
6361012,Visitacion Valley
1182061,Hayes Valley
3777177,South of Market
1250011,Haight Ashbury
0440A002,Marina
1651031,Inner Richmond
5000017,Bayview Hunters Point
0092002,Russian Hill
1269036,Haight Ashbury
0511024,Marina
0777017,Western Addition
0061001D,North Beach
1183007,Hayes Valley
4224031,Potrero Hill
4901017,Bayview Hunters Point
4902013,Bayview Hunters Point
4899003,Bayview Hunters Point
4899018,Bayview Hunters Point
4901014,Bayview Hunters Point
4900014,Bayview Hunters Point
4900018,Bayview Hunters Point
4899002,Bayview Hunters Point
4899022,Bayview Hunters Point
4901009,Bayview Hunters Point
4900007,Bayview Hunters Point
4900009,Bayview Hunters Point
4901013,Bayview Hunters Point
4900008,Bayview Hunters Point
4901011,Bayview Hunters Point
4901016,Bayview Hunters Point
4901010,Bayview Hunters Point
4900004,Bayview Hunters Point
4901020,Bayview Hunters Point
4899001,Bayview Hunters Point
4900005,Bayview Hunters Point
4900013,Bayview Hunters Point
4899017,Bayview Hunters Point
4900015,Bayview Hunters Point
4899010,Bayview Hunters Point
4899009,Bayview Hunters Point
4899014,Bayview Hunters Point
4900020,Bayview Hunters Point
4899016,Bayview Hunters Point
4900025,Bayview Hunters Point
4901023,Bayview Hunters Point
4900006,Bayview Hunters Point
4899005,Bayview Hunters Point
4900016,Bayview Hunters Point
4901003,Bayview Hunters Point
4901015,Bayview Hunters Point
4901021,Bayview Hunters Point
4902003,Bayview Hunters Point
4900003,Bayview Hunters Point
4902014,Bayview Hunters Point
4899006,Bayview Hunters Point
4899008,Bayview Hunters Point
4900023,Bayview Hunters Point
4899020A,Bayview Hunters Point
4900002,Bayview Hunters Point
4901012,Bayview Hunters Point
4900017,Bayview Hunters Point
4901002,Bayview Hunters Point
4899007,Bayview Hunters Point
4902002,Bayview Hunters Point
4899019,Bayview Hunters Point
4901019,Bayview Hunters Point
4900001,Bayview Hunters Point
4900011,Bayview Hunters Point
4900019,Bayview Hunters Point
4899020,Bayview Hunters Point
4899023,Bayview Hunters Point
4902015,Bayview Hunters Point
4902001,Bayview Hunters Point
4901022,Bayview Hunters Point
4899013,Bayview Hunters Point
4900022,Bayview Hunters Point
4900024,Bayview Hunters Point
4900021,Bayview Hunters Point
4899004,Bayview Hunters Point
4899021,Bayview Hunters Point
4901001,Bayview Hunters Point
4901024,Bayview Hunters Point
4899015,Bayview Hunters Point
4901004,Bayview Hunters Point
4901018,Bayview Hunters Point
4900010,Bayview Hunters Point
4902004,Bayview Hunters Point
4899024,Bayview Hunters Point
4900012,Bayview Hunters Point
0659011,Pacific Heights
0845003,Haight Ashbury
1204026,Hayes Valley
3766009,Financial District/South Beach
8904003,Treasure Island
3622029,Noe Valley
3740029,Financial District/South Beach
5616041,Bernal Heights
0260005,Financial District/South Beach
1169007,Lone Mountain/USF
6510031,Noe Valley
5431A030,Bayview Hunters Point
5262007,Bayview Hunters Point
4149013,Mission
2704059,Castro/Upper Market
0804007,Hayes Valley
6463028A,Excelsior
7355001,Lakeshore
4100020,Potrero Hill
8931002,Treasure Island
3707033,Financial District/South Beach
3538043,Castro/Upper Market
3601006,Castro/Upper Market
1224009,Haight Ashbury
6189030,Visitacion Valley
2769009,Noe Valley
3730161,South of Market
0849049,Hayes Valley
4100081,Potrero Hill
4087039,Mission
3511055,Mission
0973009,Presidio Heights
0552003,Marina
2656048,Castro/Upper Market
0527022,Marina
3546016,Mission
4849002,Bayview Hunters Point
7331CMT,Lakeshore
0512021,Marina
4758004,Bayview Hunters Point
4591D106,Bayview Hunters Point
1220004,Haight Ashbury
2612062,Castro/Upper Market
3283183,West of Twin Peaks
4622007,Bayview Hunters Point
5335ACOMG,Bayview Hunters Point
1760051,Inner Sunset
1744003,Inner Sunset
0176005,Chinatown
4596023,Bayview Hunters Point
1028029,Pacific Heights
0858005A,Hayes Valley
1073007,Presidio Heights
6534018,Mission
3737040,Financial District/South Beach
1939064,Treasure Island
4991617,Bayview Hunters Point
6745031,Glen Park
6593028,Noe Valley
3582051,Castro/Upper Market
0838034,Hayes Valley
3755066,South of Market
2659065,Castro/Upper Market
3648001,Mission
5528007,Bernal Heights
5643036,Bernal Heights
8719B003,Mission Bay
3645031,Mission
0145031,North Beach
3573005,Mission
1189004,Lone Mountain/USF
4761031,Bayview Hunters Point
6688009,Bernal Heights
1444030,Inner Richmond
1220021,Haight Ashbury
5642036,Bernal Heights
2716056,Castro/Upper Market
0529014,Marina
4067007,Potrero Hill
6617017,Noe Valley
3747002,Financial District/South Beach
3638066,Mission
1069036,Presidio Heights
6954033,Outer Mission
1939169,Treasure Island
5320030,Bayview Hunters Point
4713COMC,Bayview Hunters Point
1442023,Inner Richmond
0573011,Russian Hill
8713005,Mission Bay
4572008,Bayview Hunters Point
1566026K,Outer Richmond
6959026,Outer Mission
1428027,Inner Richmond
4711203,Bayview Hunters Point
2646072,Castro/Upper Market
3619086,Noe Valley
0474002,Marina
1525035,Outer Richmond
3973003,Mission
0761028,Western Addition
0660002,Pacific Heights
3703080,South of Market
3986015,Potrero Hill
1286009,Haight Ashbury
5867034,Excelsior
7331253,Lakeshore
0817064,Hayes Valley
3538024,Castro/Upper Market
4829005,Bayview Hunters Point
5279012,Bayview Hunters Point
2623075,Castro/Upper Market
0778003,Western Addition
0732014,Western Addition
1835033,Inner Sunset
7308005,Lakeshore
0173009,Financial District/South Beach
4991615,Bayview Hunters Point
3629015,Noe Valley
0601006A,Pacific Heights
0629018,Pacific Heights
5330006,Bayview Hunters Point
4080060,Mission
6496013,Excelsior
3564058,Castro/Upper Market
0932005A,Marina
1408025,Outer Richmond
7174048,Outer Mission
1013013,Presidio Heights
3596054A,Mission
4579001A,Bayview Hunters Point
7092069,Oceanview/Merced/Ingleside
5054A096,Bayview Hunters Point
1800010H,Sunset/Parkside
6597019,Bernal Heights
4100056,Potrero Hill
4720051,Bayview Hunters Point
4283BEASN,Potrero Hill
4095093,Potrero Hill
3705018,South of Market
3548023,Mission
3180198,West of Twin Peaks
6563013,Noe Valley
7295018,Lakeshore
1066028,Presidio Heights
3518007,South of Market
3581046,Castro/Upper Market
0814006,Tenderloin
6688032,Bernal Heights
8708COMB,Mission Bay
1029001,Pacific Heights
1939174,Treasure Island
2419013,West of Twin Peaks
6428006,Excelsior
0091005A,Russian Hill
6577015,Noe Valley
0977002,Pacific Heights
0054015,North Beach
4991613,Bayview Hunters Point
6602013,Noe Valley
6602012,Noe Valley
1219030,Haight Ashbury
5438028,Portola
4591C207,Bayview Hunters Point
0187009,Russian Hill
1355004,Inner Richmond
0222038,Nob Hill
3777033,South of Market
2625007,Castro/Upper Market
3600014,Castro/Upper Market
3587059,Mission
5017021,Visitacion Valley
0811021,Tenderloin
1217016,Haight Ashbury
8707001,Mission Bay
8721012,Mission Bay
3762009,South of Market
6527019,Mission
2696008,Castro/Upper Market
3548058,Mission
9900035H,North Beach
1454022D,Outer Richmond
0646014,Nob Hill
1224010,Haight Ashbury
1840035,Inner Sunset
8710004,Mission Bay
1194017,Lone Mountain/USF
4720046,Bayview Hunters Point
3597049,Mission
3508020,South of Market
1085041,Lone Mountain/USF
1313025,Outer Richmond
4174001,Potrero Hill
8705003,Mission Bay
0181047,Nob Hill
3617029,Mission
6590096,Noe Valley
4711118,Bayview Hunters Point
5386002,Bayview Hunters Point
7335004,Lakeshore
1207033,Lone Mountain/USF
3538087,Castro/Upper Market
0443A009,Marina
0436E006,Marina
5665028,Bernal Heights
2831002,Noe Valley
3545086,Mission
2643021,Twin Peaks
0647007,Western Addition
1939106,Treasure Island
6272032,Excelsior
1187003,Lone Mountain/USF
1524023,Outer Richmond
0841038,Hayes Valley
4886008,Bayview Hunters Point
6117079,Portola
2353001C,Sunset/Parkside
1029095,Pacific Heights
4591C189,Bayview Hunters Point
6529003,Mission
1197026A,Lone Mountain/USF
2111002A,Sunset/Parkside
3266A001,West of Twin Peaks
4263011,Mission
7074043,Oceanview/Merced/Ingleside
3721035,Financial District/South Beach
3655044,Noe Valley
1544003,Inner Richmond
4591D088,Bayview Hunters Point
6618024,Noe Valley
2697008,Castro/Upper Market
3731235,South of Market
1463038,Outer Richmond
0570010,Pacific Heights
3575063,Mission
3538012,Castro/Upper Market
3548049,Mission
2623059,Castro/Upper Market
4851024,Bayview Hunters Point
3837002,Mission Bay
3941031,Potrero Hill
0071031,Russian Hill
0852024,Hayes Valley
2626015,Castro/Upper Market
5649017,Bernal Heights
5643002,Bernal Heights
3587037,Mission
3784076,South of Market
7114011,Oceanview/Merced/Ingleside
0818030,Hayes Valley
3281002,West of Twin Peaks
1385037,Outer Richmond
1939161,Treasure Island
5643004,Bernal Heights
1207007,Lone Mountain/USF
3534039,Mission
4080065,Mission
3755072,South of Market
1332024,Seacliff
4206026,Mission
1208029A,Lone Mountain/USF
6664045,Glen Park
0660061,Pacific Heights
7332001,Lakeshore
6656046,Glen Park
4353009,Bayview Hunters Point
6013022A,Excelsior
1087013,Lone Mountain/USF
2629A019,Haight Ashbury
3727026,South of Market
3612022,Mission
3197010,West of Twin Peaks
4852013,Bayview Hunters Point
1079028,Japantown
1939101,Treasure Island
1067009,Presidio Heights
6535036,Noe Valley
1745011,Inner Sunset
6613031,Noe Valley
4591C186,Bayview Hunters Point
1939061,Treasure Island
0185012,Russian Hill
1275054,Inner Sunset
8727001,Potrero Hill
1236021,Haight Ashbury
4232016,Potrero Hill
2168006,Sunset/Parkside
6546001,Noe Valley
1274013,Inner Sunset
0814001,Tenderloin
4852020,Bayview Hunters Point
2607100,Castro/Upper Market
5674026,Bernal Heights
2619083,Castro/Upper Market
0940017,Marina
4162061,Potrero Hill
5340002A,Bayview Hunters Point
4008014,Potrero Hill
5596046,Bernal Heights
5000019,Bayview Hunters Point
1801049,Sunset/Parkside
1408008,Outer Richmond
4591D009,Bayview Hunters Point
0340001,Tenderloin
0792033,Hayes Valley
6361030,Visitacion Valley
1252015,Haight Ashbury
1238008,Haight Ashbury
1151021,Lone Mountain/USF
6621009,Noe Valley
1435009,Inner Richmond
8906006,Treasure Island
3034013,West of Twin Peaks
3507042,South of Market
7326005,Lakeshore
5054A107,Bayview Hunters Point
1525034,Outer Richmond
4829006A,Bayview Hunters Point
7295033,Lakeshore
0845038,Haight Ashbury
1201024,Hayes Valley
3587064,Mission
3514033,Mission
3774071,Financial District/South Beach
4913023,Bayview Hunters Point
0847038,Haight Ashbury
3721070,Financial District/South Beach
0979031,Pacific Heights
0499001D,Russian Hill
1499029,Outer Richmond
2837013,West of Twin Peaks
3540016,Castro/Upper Market
3584053,Castro/Upper Market
6448027,Excelsior
5557017,Bernal Heights
9900278,Financial District/South Beach
2696005A,Castro/Upper Market
3506006,Mission
3950002,Mission Bay
8702003,Mission Bay
0846024,Haight Ashbury
7074044,Oceanview/Merced/Ingleside
5237040,Bayview Hunters Point
5550017,Bernal Heights
7331CMAA,Lakeshore
4606011,Bayview Hunters Point
0467A018,Marina
6582024,Noe Valley
1224008,Haight Ashbury
1155018,Western Addition
3655010,Noe Valley
1152016,Western Addition
8720002,Mission Bay
PARKHOLL,Bernal Heights
1280015,Haight Ashbury
3750599,Financial District/South Beach
0659007,Pacific Heights
0100032,Russian Hill
1224001A,Haight Ashbury
2690032,Castro/Upper Market
6637024,Noe Valley
8946001,Treasure Island
1460015,Outer Richmond
4010015,Potrero Hill
1212011C,Lone Mountain/USF
3704071,South of Market
2768034A,Noe Valley
3583075,Castro/Upper Market
2623085,Castro/Upper Market
0619049,Russian Hill
0194020,Chinatown
4713COMA,Bayview Hunters Point
VACSTJES1,South of Market
3736122,Financial District/South Beach
1166015,Lone Mountain/USF
2094001,Sunset/Parkside
4162028,Potrero Hill
7308011,Lakeshore
3736064,Financial District/South Beach
4849013,Bayview Hunters Point
3725046,South of Market
3609098,Mission
6356057,Visitacion Valley
0351041,Tenderloin
1652010N,Inner Richmond
5983002,Portola
0629016,Pacific Heights
5418002,Bayview Hunters Point
0463A023,Marina
4605002,Bayview Hunters Point
3714017,Financial District/South Beach
0100024,Russian Hill
2648005,Castro/Upper Market
4022021,Mission
4171007,Potrero Hill
0497008D,Marina
1762040,Inner Sunset
0847036,Haight Ashbury
7174032,Outer Mission
2649022B,Castro/Upper Market
4221ACOMC,Potrero Hill
2769011,Noe Valley
4591C219,Bayview Hunters Point
0157020,Nob Hill
3953002A,Mission Bay
1201031,Hayes Valley
1795028A,Sunset/Parkside
0647011A,Western Addition
6579004,Noe Valley
3598001C,Mission
0481024,Marina
5476016,Bayview Hunters Point
4711COMB,Bayview Hunters Point
0619010,Russian Hill
4045003,Potrero Hill
1232032,Haight Ashbury
1085015,Lone Mountain/USF
1048015,Pacific Heights
5054A094,Bayview Hunters Point
5278017,Bayview Hunters Point
6634020,Noe Valley
4268026,Mission
1929A009,Inner Sunset
6310012,Visitacion Valley
7331001,Lakeshore
5476017,Bayview Hunters Point
3622030,Noe Valley
0939024,Marina
3752094,South of Market
1233036,Haight Ashbury
1388034,Seacliff
4622001,Bayview Hunters Point
5588A014,Bayview Hunters Point
4114008,Potrero Hill
2126A001,Inner Sunset
1836011A,Inner Sunset
4145034,Mission
2623073,Castro/Upper Market
6554002,Noe Valley
1436016,Inner Richmond
0256008,Nob Hill
4756058,Bayview Hunters Point
4152046,Mission
8719B001,Mission Bay
4591C056,Bayview Hunters Point
7331120,Lakeshore
6923030,West of Twin Peaks
1564019,Outer Richmond
1743049,Inner Sunset
4073002A,Potrero Hill
0808021,Hayes Valley
6117031,Portola
4591C145,Bayview Hunters Point
1939025,Treasure Island
4720047,Bayview Hunters Point
3753141,South of Market
1275043,Inner Sunset
5415012,Bayview Hunters Point
0821004,Hayes Valley
1117001,Lone Mountain/USF
7331CME,Lakeshore
2385002,Sunset/Parkside
6594044,Noe Valley
7542051,Glen Park
4572011,Bayview Hunters Point
4095057,Potrero Hill
1383043,Outer Richmond
2650038,Castro/Upper Market
3653001,Noe Valley
1931001A,Inner Sunset
5920001,Portola
3144B037,Outer Mission
0173001,Financial District/South Beach
0700023,Japantown
2720004,Castro/Upper Market
2608011,Castro/Upper Market
6706043,West of Twin Peaks
0700025,Japantown
1537015A,Inner Richmond
0679016A,Pacific Heights
3174023A,West of Twin Peaks
4097027,Potrero Hill
4970006,Bayview Hunters Point
4720052,Bayview Hunters Point
3778048,South of Market
0819046,Hayes Valley
1269129,Haight Ashbury
0826030,Hayes Valley
4591D077,Bayview Hunters Point
1177023,Lone Mountain/USF
4108003G,Potrero Hill
0868085,Hayes Valley
4591D043,Bayview Hunters Point
3774024,Financial District/South Beach
5232007,Bayview Hunters Point
0965001,Presidio
6552019,Noe Valley
0331011,Tenderloin
4587016,Bayview Hunters Point
4572012,Bayview Hunters Point
4956006,Bayview Hunters Point
3582079,Castro/Upper Market
2803001A,Noe Valley
5559009,Bayview Hunters Point
5598021,Bayview Hunters Point
1193112,Lone Mountain/USF
1226024,Haight Ashbury
1639012,Inner Richmond
2691044,Castro/Upper Market
0477016G,Russian Hill
1668007,Outer Richmond
2650018,Castro/Upper Market
4591C111,Bayview Hunters Point
3566017,Castro/Upper Market
4022001,Mission
1767021,Inner Sunset
4876004,Bayview Hunters Point
1166017,Lone Mountain/USF
1615015A,Outer Richmond
3789516,Financial District/South Beach
4160001,Potrero Hill
7513058,Noe Valley
5501040,Bernal Heights
3932001,Mission
5533047,Bernal Heights
0269025,Financial District/South Beach
1084001B,Lone Mountain/USF
3787009,South of Market
1630013A,Outer Richmond
3610033,Mission
1354010,Inner Richmond
0867011A,Hayes Valley
4937012,Bayview Hunters Point
6530028,Mission
6690030,Glen Park
0552007,Marina
4605004,Bayview Hunters Point
4586001,Bayview Hunters Point
1182012,Hayes Valley
4591D099,Bayview Hunters Point
4591C122,Bayview Hunters Point
6597007H,Bernal Heights
4232012,Potrero Hill
1186009C,Lone Mountain/USF
4591D121,Bayview Hunters Point
3755087,South of Market
5501049,Bernal Heights
5232002A,Bayview Hunters Point
6361016,Visitacion Valley
3540013,Castro/Upper Market
3730077,South of Market
6636014,Noe Valley
4262005,Mission
1412026,Outer Richmond
5250018,Bayview Hunters Point
4067031,Potrero Hill
1230029,Haight Ashbury
4587017,Bayview Hunters Point
3582089,Castro/Upper Market
1518006,Outer Richmond
1064003,Presidio Heights
3517036,South of Market
3808003,Mission Bay
0685049,Japantown
0814015,Tenderloin
4111005,Potrero Hill
6726052,Glen Park
1150005,Lone Mountain/USF
1781071,Sunset/Parkside
5541044,Bernal Heights
5336054,Bayview Hunters Point
5421009,Bayview Hunters Point
1557028,Outer Richmond
5543001,Bernal Heights
1173001D,Lone Mountain/USF
1713001A,Sunset/Parkside
0808135,Hayes Valley
4805004,Bayview Hunters Point
3722028,Financial District/South Beach
4042003,Potrero Hill
6508032,Noe Valley
2849023,Noe Valley
6513011D,Mission
3837007,Mission Bay
8906002,Treasure Island
4283BCOMH,Potrero Hill
3753098,South of Market
0852022,Hayes Valley
7331109,Lakeshore
1939007,Treasure Island
1279017,Haight Ashbury
4327A012,Bayview Hunters Point
1848022,Inner Sunset
6721017,Outer Mission
3732085,South of Market
2831011,Noe Valley
4591C059,Bayview Hunters Point
4227013A,Potrero Hill
6599033,Noe Valley
4805005,Bayview Hunters Point
3578054B,Mission
4232023,Potrero Hill
2620011,Castro/Upper Market
3558038,Castro/Upper Market
1157016,Western Addition
7331CMX,Lakeshore
6618001,Noe Valley
4591D102,Bayview Hunters Point
4104002,Potrero Hill
3598055,Mission
3703074,South of Market
3546018,Mission
2658005,Castro/Upper Market
7173039,Outer Mission
8722008,Mission Bay
1254009,Haight Ashbury
0474016A,Marina
0521033,Marina
6552010,Noe Valley
1089004,Lone Mountain/USF
0852009,Hayes Valley
2769008,Noe Valley
9900048H,Mission Bay
8903001,Treasure Island
4912027,Bayview Hunters Point
2607038,Castro/Upper Market
0027052,Russian Hill
3540082,Castro/Upper Market
0530026,Marina
5044007,Bayview Hunters Point
0349001,Tenderloin
0673011,Pacific Heights
7534019,Glen Park
7067014,Oceanview/Merced/Ingleside
1382037,Outer Richmond
0585016,Pacific Heights
5672028A,Bernal Heights
5545017,Bernal Heights
5610A019,Bernal Heights
5431A001Z,Bayview Hunters Point
1231033,Haight Ashbury
1372043,Inner Richmond
4170003,Potrero Hill
5415014,Bayview Hunters Point
5421013,Bayview Hunters Point
4711COMC,Bayview Hunters Point
5054AEASE,Bayview Hunters Point
1761052,Inner Sunset
6569031A,Mission
3583068,Castro/Upper Market
3614044,Mission
3924007,Mission
0775013,Western Addition
5473014,Portola
3518006,South of Market
6689021,Glen Park
4175019,Potrero Hill
3590008,Mission
1939144,Treasure Island
2626001,Castro/Upper Market
3977026,Potrero Hill
2659044,Castro/Upper Market
7156072,Outer Mission
0480003E,Marina
0497009,Marina
5537026,Bernal Heights
4884028,Bayview Hunters Point
3628016B,Noe Valley
4159067,Potrero Hill
6534024,Mission
1248014,Haight Ashbury
3634001,Mission
1939074,Treasure Island
1818042,Sunset/Parkside
5701033,Bernal Heights
4149030,Mission
0482027,Marina
6356063,Visitacion Valley
2923010,West of Twin Peaks
3740030,Financial District/South Beach
3736067,Financial District/South Beach
6639014,Noe Valley
3643046,Mission
3632007,Mission
6782047,Outer Mission
1173012,Lone Mountain/USF
3597020,Mission
0997010,Presidio Heights
0997004,Presidio Heights
3619051,Noe Valley
0667008,Nob Hill
0219023,Nob Hill
5660021,Bernal Heights
7137070,Oceanview/Merced/Ingleside
3762117,South of Market
3514040,Mission
3704042,South of Market
2719B060,Castro/Upper Market
1841037,Inner Sunset
0419A005,Marina
3587086,Mission
0505009,Marina
0629039,Pacific Heights
3545073,Mission
0515061,Marina
1092037,Lone Mountain/USF
3590007,Mission
2040041,Inner Sunset
0985038,Presidio Heights
3580043,Castro/Upper Market
2719A007,Castro/Upper Market
3180193,West of Twin Peaks
3180003,West of Twin Peaks
3511076,Mission
4269015,Mission
4890021,Bayview Hunters Point
4891002,Bayview Hunters Point
4891019,Bayview Hunters Point
4897001,Bayview Hunters Point
4891011,Bayview Hunters Point
4891018,Bayview Hunters Point
4894003,Bayview Hunters Point
4894004,Bayview Hunters Point
4894020,Bayview Hunters Point
4890019,Bayview Hunters Point
4892004,Bayview Hunters Point
4891004,Bayview Hunters Point
4891020,Bayview Hunters Point
4892008,Bayview Hunters Point
4892024,Bayview Hunters Point
4894016,Bayview Hunters Point
4890018,Bayview Hunters Point
4894018,Bayview Hunters Point
4892009,Bayview Hunters Point
4894023,Bayview Hunters Point
4890022,Bayview Hunters Point
4891015,Bayview Hunters Point
4892003,Bayview Hunters Point
4891008,Bayview Hunters Point
4892011,Bayview Hunters Point
4894013,Bayview Hunters Point
4892002,Bayview Hunters Point
4892014,Bayview Hunters Point
4894021,Bayview Hunters Point
4891022,Bayview Hunters Point
4891023,Bayview Hunters Point
4892007,Bayview Hunters Point
4890015,Bayview Hunters Point
4894009,Bayview Hunters Point
4895001,Bayview Hunters Point
4894008,Bayview Hunters Point
4894015,Bayview Hunters Point
4891021,Bayview Hunters Point
4891013,Bayview Hunters Point
4892018,Bayview Hunters Point
4894007,Bayview Hunters Point
4892005,Bayview Hunters Point
4891001,Bayview Hunters Point
4891007,Bayview Hunters Point
4891009,Bayview Hunters Point
4891005,Bayview Hunters Point
4892016,Bayview Hunters Point
4892001,Bayview Hunters Point
4890017,Bayview Hunters Point
4894014,Bayview Hunters Point
4892022,Bayview Hunters Point
4894022,Bayview Hunters Point
4890023,Bayview Hunters Point
4898001,Bayview Hunters Point
4891014,Bayview Hunters Point
4892013,Bayview Hunters Point
4894017,Bayview Hunters Point
4890016,Bayview Hunters Point
4891016,Bayview Hunters Point
4891017,Bayview Hunters Point
4894001,Bayview Hunters Point
4892021,Bayview Hunters Point
4892010,Bayview Hunters Point
4890020,Bayview Hunters Point
4890024,Bayview Hunters Point
4894002,Bayview Hunters Point
4892019,Bayview Hunters Point
4892012,Bayview Hunters Point
4891003,Bayview Hunters Point
4891024,Bayview Hunters Point
4892006,Bayview Hunters Point
4892023,Bayview Hunters Point
4896001,Bayview Hunters Point
4891010,Bayview Hunters Point
4891012,Bayview Hunters Point
4894019,Bayview Hunters Point
4892015,Bayview Hunters Point
4891006,Bayview Hunters Point
4892017,Bayview Hunters Point
4894010,Bayview Hunters Point
4892020,Bayview Hunters Point
4894024,Bayview Hunters Point
0085032,North Beach
1410023A,Outer Richmond
1069039,Presidio Heights
0342002,Tenderloin
4909003,Bayview Hunters Point
1939023,Treasure Island
1042006,Presidio Heights
0940008,Marina
5054A036,Bayview Hunters Point
1292005,Inner Sunset
1020051,Presidio Heights
3573004,Mission
6746003,Glen Park
0174005,Chinatown
3180192,West of Twin Peaks
3557042,Castro/Upper Market
3596077,Mission
1258019,Haight Ashbury
1939076,Treasure Island
3628028A,Noe Valley
2353004,Sunset/Parkside
1193018,Lone Mountain/USF
2770037,Noe Valley
0087028,North Beach
2831001,Noe Valley
0335002D,Tenderloin
6567046,Mission
5000044,Bayview Hunters Point
2614092,Castro/Upper Market
4591D017,Bayview Hunters Point
3513007,Mission
4096069,Potrero Hill
8711032,Mission Bay
3721079,Financial District/South Beach
4068004,Potrero Hill
0926013,Marina
5518015,Bernal Heights
1661016,Outer Richmond
5549101,Bernal Heights
4591C137,Bayview Hunters Point
4104029,Potrero Hill
0460A019,Marina
5708028,Bernal Heights
1536044,Inner Richmond
0063020,North Beach
0669010,Nob Hill
6936014,Oceanview/Merced/Ingleside
3505013,Mission
6686024,Glen Park
3784003,South of Market
4275003,Mission
0524030,Russian Hill
1924021,Sunset/Parkside
1250039,Haight Ashbury
3755065,South of Market
2864001,West of Twin Peaks
4621010,Bayview Hunters Point
4814025,Bayview Hunters Point
4591C185,Bayview Hunters Point
5617020,Bernal Heights
3732764,South of Market
0250011,Nob Hill
4087016,Mission
0537042,Marina
3504039,Mission
0849026,Hayes Valley
4591C006,Bayview Hunters Point
0515012,Marina
4591C144,Bayview Hunters Point
6506017,Noe Valley
7350001,Lakeshore
2410040,West of Twin Peaks
5544028,Bernal Heights
3546029,Mission
3632034,Mission
6511002,Mission
2648010,Castro/Upper Market
7331116,Lakeshore
0858015,Hayes Valley
2692028,Castro/Upper Market
6692063,Bernal Heights
0829020,Hayes Valley
0806014A,Hayes Valley
8721033,Mission Bay
3774072,Financial District/South Beach
1652010J,Inner Richmond
4597011,Bayview Hunters Point
3779103,South of Market
4991604,Bayview Hunters Point
0100085,Russian Hill
0546001,Marina
3619045,Noe Valley
6687023,Bernal Heights
7308004,Lakeshore
5598013,Bayview Hunters Point
3731154,South of Market
4591D143,Bayview Hunters Point
0957005,Pacific Heights
1081005,Presidio Heights
7295011,Lakeshore
8705004,Mission Bay
9900024H,Financial District/South Beach
0113039,North Beach
0868009B,Hayes Valley
6576021,Noe Valley
0554053,Marina
6533037,Mission
5643026,Bernal Heights
7331105,Lakeshore
3618054,Mission
1408007A,Outer Richmond
4116001,Potrero Hill
1197007,Lone Mountain/USF
0566013,Pacific Heights
3585023,Castro/Upper Market
1212011D,Lone Mountain/USF
0235024,Financial District/South Beach
3598005,Mission
5633006,Bernal Heights
3587025A,Mission
0516004,Marina
0732021,Western Addition
4953017,Bayview Hunters Point
4956001,Bayview Hunters Point
4956024,Bayview Hunters Point
4957013,Bayview Hunters Point
4953001,Bayview Hunters Point
4958004,Bayview Hunters Point
4953002,Bayview Hunters Point
4957001,Bayview Hunters Point
4953006,Bayview Hunters Point
4956003,Bayview Hunters Point
4957010,Bayview Hunters Point
4956016,Bayview Hunters Point
4957012,Bayview Hunters Point
4953013,Bayview Hunters Point
4957003,Bayview Hunters Point
4957011,Bayview Hunters Point
4956021,Bayview Hunters Point
4955001,Bayview Hunters Point
4953021,Bayview Hunters Point
4953019,Bayview Hunters Point
4958001,Bayview Hunters Point
4957002,Bayview Hunters Point
4953016,Bayview Hunters Point
4956017,Bayview Hunters Point
4956022,Bayview Hunters Point
4956014,Bayview Hunters Point
4953010,Bayview Hunters Point
4957004,Bayview Hunters Point
4953014,Bayview Hunters Point
4952014,Bayview Hunters Point
4953020,Bayview Hunters Point
4958002,Bayview Hunters Point
4952015,Bayview Hunters Point
4952016,Bayview Hunters Point
4956018,Bayview Hunters Point
4957017,Bayview Hunters Point
4953003,Bayview Hunters Point
4956019,Bayview Hunters Point
4957022,Bayview Hunters Point
4953004,Bayview Hunters Point
4953015,Bayview Hunters Point
4956015,Bayview Hunters Point
4953018,Bayview Hunters Point
4953022,Bayview Hunters Point
4956002,Bayview Hunters Point
4956004,Bayview Hunters Point
4953009,Bayview Hunters Point
4958003,Bayview Hunters Point
4953023,Bayview Hunters Point
4957014,Bayview Hunters Point
4957019,Bayview Hunters Point
4953005,Bayview Hunters Point
4957008,Bayview Hunters Point
4957023,Bayview Hunters Point
4953008,Bayview Hunters Point
4952013,Bayview Hunters Point
4953007,Bayview Hunters Point
4956023,Bayview Hunters Point
4957015,Bayview Hunters Point
4957021,Bayview Hunters Point
4957005,Bayview Hunters Point
4957024,Bayview Hunters Point
4956020,Bayview Hunters Point
4957018,Bayview Hunters Point
4953011,Bayview Hunters Point
4957006,Bayview Hunters Point
4957007,Bayview Hunters Point
4953012,Bayview Hunters Point
4957016,Bayview Hunters Point
4957020,Bayview Hunters Point
4957009,Bayview Hunters Point
0777001,Western Addition
1893024,Sunset/Parkside
6657052,Glen Park
3601005,Castro/Upper Market
4598008,Bayview Hunters Point
1270032,Haight Ashbury
5072049,Bayview Hunters Point
4148034,Mission
8721020,Mission Bay
1265047,Inner Sunset
3739012,Financial District/South Beach
0055005,North Beach
7331114,Lakeshore
5517027,Bernal Heights
1197025G,Lone Mountain/USF
2688052,Inner Sunset
5319055,Bayview Hunters Point
2643023,Twin Peaks
2751002,Castro/Upper Market
4591D062,Bayview Hunters Point
1939119,Treasure Island
0629040,Pacific Heights
2769011A,Noe Valley
1276020,Haight Ashbury
4147005,Mission
4100006,Potrero Hill
2613025,Castro/Upper Market
3568068,Mission
1675018,Outer Richmond
1939155,Treasure Island
3755108,South of Market
1847036,Inner Sunset
6729062,Glen Park
3647032,Mission
2715007,Twin Peaks
1747012,Inner Sunset
5319054,Bayview Hunters Point
3708058,Financial District/South Beach
0585022,Pacific Heights
0522001,Marina
1175010,Lone Mountain/USF
2614081A,Castro/Upper Market
1177018,Lone Mountain/USF
0695006,Western Addition
3521035,Mission
1291023,Inner Sunset
3962010,Mission
8708004,Mission Bay
6742008,Glen Park
4591C102,Bayview Hunters Point
6611018,Noe Valley
7074003,Oceanview/Merced/Ingleside
0853032,Hayes Valley
1197019,Lone Mountain/USF
6221003,McLaren Park
3144B038,Outer Mission
2361034,Sunset/Parkside
1155028,Western Addition
7335006,Lakeshore
1209022,Lone Mountain/USF
7295016,Lakeshore
1530012D,Outer Richmond
0514025,Marina
0665017,Western Addition
1239017,Haight Ashbury
3564081,Castro/Upper Market
3532014,Mission
2631005,Inner Sunset
1424051,Inner Richmond
4244006,Potrero Hill
1924039,Sunset/Parkside
1183031,Hayes Valley
3905003,Mission
4936017,Bayview Hunters Point
2699005,Castro/Upper Market
0514009B,Marina
0044002F,Russian Hill
1407044,Outer Richmond
3726065,South of Market
0144022,North Beach
3520023,South of Market
1760049,Inner Sunset
6594014,Noe Valley
6615046,Noe Valley
3727200,South of Market
1568026B,Outer Richmond
7126A010,Oceanview/Merced/Ingleside
3747331,Financial District/South Beach
3598041,Mission
7153008,Outer Mission
0852050,Hayes Valley
4283BCOMD,Potrero Hill
5614003,Bernal Heights
3561056,Castro/Upper Market
2125001,Inner Sunset
0441B013,Marina
3748006,Financial District/South Beach
1259026,Haight Ashbury
1047007,Presidio Heights
6423006,Excelsior
0694009,Tenderloin
0516022,Marina
4224050,Potrero Hill
3642011A,Mission
2168009,Sunset/Parkside
6520036,Mission
2690030,Castro/Upper Market
1568011D,Outer Richmond
0830012B,Hayes Valley
3589060,Mission
3013A011A,West of Twin Peaks
0026009,Russian Hill
5828011,Bernal Heights
3505018,Mission
3180197,West of Twin Peaks
3647035,Mission
3564054,Castro/Upper Market
1241002,Haight Ashbury
2658012,Castro/Upper Market
6694009,Glen Park
1841011A,Inner Sunset
0064022,North Beach
4591C136,Bayview Hunters Point
0295016,Financial District/South Beach
4036007,Potrero Hill
1611040,Outer Richmond
1408029,Outer Richmond
4038029,Potrero Hill
3502108,Mission
5262011,Bayview Hunters Point
1266029,Inner Sunset
6580031B,Noe Valley
1182021A,Hayes Valley
0700010,Japantown
1101047,Western Addition
3518118,South of Market
4287007,Bayview Hunters Point
1939013,Treasure Island
5342005A,Bayview Hunters Point
7295010,Lakeshore
1622001,Outer Richmond
1166016,Lone Mountain/USF
1152026,Western Addition
3587070,Mission
4100078,Potrero Hill
2718031,Castro/Upper Market
6361006,Visitacion Valley
6758030,West of Twin Peaks
6912A001,West of Twin Peaks
1159017B,Lone Mountain/USF
0579010,Pacific Heights
1475010C,Outer Richmond
0559065,Pacific Heights
4763053,Bayview Hunters Point
3611033A,Mission
0477016A,Russian Hill
6510014,Noe Valley
0565026,Pacific Heights
1543013,Inner Richmond
2130A005J,Inner Sunset
1183002,Hayes Valley
2035A031,Inner Sunset
0501012,Russian Hill
8942001,Treasure Island
4069025A,Potrero Hill
5350013,Bayview Hunters Point
1176010,Lone Mountain/USF
8721021,Mission Bay
0510015B,Marina
4606016,Bayview Hunters Point
6554001A,Noe Valley
2658042,Castro/Upper Market
0649019,Pacific Heights
0126001A,Nob Hill
5617040,Bernal Heights
3548110,Mission
0776006,Western Addition
1939159,Treasure Island
5691047,Bernal Heights
3545022,Mission
6521030,Mission
0120024,Russian Hill
6632099,Noe Valley
7154023,Outer Mission
3633032,Mission
5044010,Bayview Hunters Point
1226003,Haight Ashbury
6685007,Glen Park
5421006,Bayview Hunters Point
5421007,Bayview Hunters Point
4036002,Potrero Hill
6664063,Glen Park
0654006,Pacific Heights
0519043,Marina
4285B001,Potrero Hill
7178019,Oceanview/Merced/Ingleside
1198009,Lone Mountain/USF
1226008,Haight Ashbury
3722027,Financial District/South Beach
2648040,Castro/Upper Market
2609044A,Castro/Upper Market
0808005,Hayes Valley
1666047,Outer Richmond
0588021,Pacific Heights
5501029,Bernal Heights
0512026,Marina
4810025,Bayview Hunters Point
0805012,Hayes Valley
1014008,Presidio Heights
7331CMA,Lakeshore
0868071,Hayes Valley
3789972,Financial District/South Beach
3967003,Mission
3727035,South of Market
2658009,Castro/Upper Market
0845042,Haight Ashbury
6568018A,Mission
1429029,Inner Richmond
0564024,Pacific Heights
5330051,Bayview Hunters Point
3590029,Mission
3778049,South of Market
4591D022,Bayview Hunters Point
1081052,Presidio Heights
4006020,Potrero Hill
3584025,Castro/Upper Market
0462A017,Marina
3901001,Mission
4591C604,Bayview Hunters Point
1061044,Presidio Heights
6520019,Mission
1080023,Japantown
6579036,Noe Valley
3501015,Mission
1271030,Haight Ashbury
1933024,Inner Sunset
3910006,Mission Bay
4264034,Mission
3726075,South of Market
3534024,Mission
0153016A,Russian Hill
1195002,Lone Mountain/USF
2807027,Noe Valley
7357001,Lakeshore
0482004A,Marina
4264012,Mission
9900098,Bayview Hunters Point
4630005,Bayview Hunters Point
1366034,Inner Richmond
3505028,Mission
0097038,Russian Hill
3613042,Mission
1470018,Outer Richmond
0845016,Haight Ashbury
1521013,Outer Richmond
2618049,Castro/Upper Market
1750005,Inner Sunset
1939140,Treasure Island
4652014,Bayview Hunters Point
3185031,West of Twin Peaks
3582137,Castro/Upper Market
7331021,Lakeshore
3541005,Castro/Upper Market
6529013,Mission
5000015,Bayview Hunters Point
3638034A,Mission
1216026,Hayes Valley
3598012,Mission
3754005,South of Market
3538045,Castro/Upper Market
4591D098,Bayview Hunters Point
3740031,Financial District/South Beach
4100083,Potrero Hill
0124049,Russian Hill
2607037,Castro/Upper Market
3721029,Financial District/South Beach
1101020,Western Addition
0436D012,Marina
5046008,Bayview Hunters Point
0530033,Marina
6513002,Mission
4106005,Potrero Hill
0694006,Tenderloin
5622018,Bernal Heights
3564055,Castro/Upper Market
0841025,Hayes Valley
3603031,Castro/Upper Market
0742008,Tenderloin
6923018,West of Twin Peaks
6748062,Outer Mission
3656005,Noe Valley
3564107,Castro/Upper Market
3533009,Mission
6551007,Noe Valley
3610010,Mission
7335010,Lakeshore
8940001,Treasure Island
4275025,Mission
1198014,Lone Mountain/USF
0525012,Russian Hill
1201026,Hayes Valley
3704006,South of Market
4209002,Mission
5407025,Bayview Hunters Point
0918002G,Marina
2857031,West of Twin Peaks
2614087,Castro/Upper Market
3762113,South of Market
5550050,Bernal Heights
0460A002,Marina
6538010,Noe Valley
1939048,Treasure Island
6574030,Bernal Heights
4044001A,Potrero Hill
4591D066,Bayview Hunters Point
3584141,Castro/Upper Market
4591C065,Bayview Hunters Point
2658004,Castro/Upper Market
3590030,Mission
3721138,Financial District/South Beach
1661004F,Outer Richmond
4886009,Bayview Hunters Point
3620052,Noe Valley
1384022,Outer Richmond
6526001B,Mission
1036025,Presidio Heights
0287035,Financial District/South Beach
2749005,Castro/Upper Market
6346002G,Excelsior
2625004A,Castro/Upper Market
4991705,Bayview Hunters Point
3511016,Mission
7054039,Oceanview/Merced/Ingleside
4108008,Potrero Hill
0438A008A,Marina
0596031,Russian Hill
2763023,Twin Peaks
1374039,Outer Richmond
0074025,Russian Hill
1177010,Lone Mountain/USF
4991ROWB,Bayview Hunters Point
3727118,South of Market
3762112,South of Market
0115028,North Beach
4116004,Potrero Hill
5857007,Portola
8958002,Treasure Island
3736079,Financial District/South Beach
3035COM,West of Twin Peaks
2347035,West of Twin Peaks
2821010,Twin Peaks
1051002,Pacific Heights
1150024,Lone Mountain/USF
0927033,Marina
3765713,Financial District/South Beach
2767022,Noe Valley
6655027,Glen Park
7331CMC,Lakeshore
4591C044,Bayview Hunters Point
1462031,Outer Richmond
5281007,Bayview Hunters Point
4172009,Potrero Hill
4700039,Bayview Hunters Point
1255004,Haight Ashbury
4764002,Bayview Hunters Point
3619082,Noe Valley
1212068,Lone Mountain/USF
0819007,Hayes Valley
1372008,Inner Richmond
3973002E,Mission
0528003,Marina
1230001,Haight Ashbury
1286007,Haight Ashbury
4991599,Bayview Hunters Point
4991706,Bayview Hunters Point
3611044,Mission
0732015,Western Addition
1015047,Presidio Heights
7111028,Oceanview/Merced/Ingleside
0651012,Pacific Heights
4977006,Bayview Hunters Point
5350016,Bayview Hunters Point
1424025A,Inner Richmond
3576024,Mission
6208003,Visitacion Valley
0339018,Tenderloin
5423A015,Bayview Hunters Point
3739007,Financial District/South Beach
1067064,Presidio Heights
4591C135,Bayview Hunters Point
0089051,North Beach
0937022,Marina
4088026,Mission
7138056,Oceanview/Merced/Ingleside
4591D132,Bayview Hunters Point
5054A102,Bayview Hunters Point
6954011C,Outer Mission
1184014,Lone Mountain/USF
3583026,Castro/Upper Market
3618011,Mission
3579025,Castro/Upper Market
4219040,Potrero Hill
4010001O,Potrero Hill
3757070,South of Market
3965001,Mission
1939080,Treasure Island
4991627,Bayview Hunters Point
7541011,Glen Park
2612079,Castro/Upper Market
8722018,Mission Bay
1281009,Haight Ashbury
1021029,Presidio Heights
6521021,Mission
1706031,Sunset/Parkside
1352017,Inner Richmond
1270026B,Haight Ashbury
7380002,Lakeshore
4080011,Mission
0867028A,Hayes Valley
2768001,Noe Valley
2519034A,Sunset/Parkside
7331032,Lakeshore
1936COM,Inner Sunset
4028001L,Potrero Hill
9900031H,North Beach
8722002,Mission Bay
3763112,Financial District/South Beach
0973054,Presidio Heights
0094005,Russian Hill
4044002A,Potrero Hill
1753024,Inner Sunset
4218045,Potrero Hill
3603032,Castro/Upper Market
0739006,Tenderloin
3505012,Mission
4591C088,Bayview Hunters Point
0860059,Hayes Valley
5517096,Bernal Heights
6589002Z,Noe Valley
4282A026,Potrero Hill
4271018,Mission
7335001,Lakeshore
4991190,Bayview Hunters Point
1527027,Outer Richmond
0819014,Hayes Valley
0531025,Marina
4069025C,Potrero Hill
3775026,Financial District/South Beach
7066001G,Outer Mission
4349015,Bayview Hunters Point
4755048,Bayview Hunters Point
2830015,Noe Valley
6594006,Noe Valley
1771012,Inner Sunset
1258036,Haight Ashbury
3800005,Mission Bay
4591D136,Bayview Hunters Point
4587010,Bayview Hunters Point
1510009,Outer Richmond
2402027,Sunset/Parkside
1639015,Inner Richmond
0064029,North Beach
1457050,Outer Richmond
4912024,Bayview Hunters Point
6518011A,Mission
5415011,Bayview Hunters Point
4098007,Potrero Hill
4066022,Potrero Hill
0777020,Western Addition
5545018,Bernal Heights
1654033,Inner Richmond
0694005,Tenderloin
3730087,South of Market
6780052,Outer Mission
4991OS6,Bayview Hunters Point
7164010,Outer Mission
1515031,Outer Richmond
0096014,Russian Hill
1254033,Haight Ashbury
0818049,Hayes Valley
3739008,Financial District/South Beach
3638027,Mission
4591D067,Bayview Hunters Point
0853031,Hayes Valley
1939105,Treasure Island
1421027,Inner Richmond
2409039,West of Twin Peaks
4081015,Mission
0961013C,Pacific Heights
7331117,Lakeshore
1262027,Haight Ashbury
6310001,Visitacion Valley
0153037,Russian Hill
6534050,Mission
1457007,Outer Richmond
0533034,Marina
3072A029,West of Twin Peaks
0223018,Nob Hill
5203025,Bayview Hunters Point
1848052,Inner Sunset
6565030,Noe Valley
4024012,Mission
1040013,Presidio Heights
1232028,Haight Ashbury
0151069,Nob Hill
8709026,Mission Bay
6605020,Noe Valley
6741011,Glen Park
4720COM,Bayview Hunters Point
1466023,Outer Richmond
3775031,Financial District/South Beach
0091044,Russian Hill
2172022,Sunset/Parkside
1279004,Haight Ashbury
0436E007,Marina
4117003,Potrero Hill
6536006,Noe Valley
5613050,Bernal Heights
0979038,Pacific Heights
0342001,Tenderloin
4791035,Bayview Hunters Point
1048021,Pacific Heights
4591C753,Bayview Hunters Point
1939089,Treasure Island
5654042,Bernal Heights
6662009,Glen Park
4172021,Potrero Hill
3987023,Potrero Hill
2636COMB,Inner Sunset
0507014,Marina
1689026,Outer Richmond
0256085,Nob Hill
4030047,Potrero Hill
2933006,West of Twin Peaks
1931031A,Inner Sunset
4052001,Potrero Hill
4010020,Potrero Hill
3616084,Mission
0689200,Western Addition
1255043A,Haight Ashbury
3560007,Castro/Upper Market
0744010A,Western Addition
7160003,Outer Mission
4713COMB,Bayview Hunters Point
3753106,South of Market
0552023,Marina
1185029A,Lone Mountain/USF
4960027,Bayview Hunters Point
2647026,Castro/Upper Market
6793026,Outer Mission
3730292,South of Market
1924023,Sunset/Parkside
3630020,Noe Valley
3941026,Potrero Hill
0151023,Nob Hill
3732099,South of Market
3608050,Mission
3091015,West of Twin Peaks
0533014,Marina
3708019A,Financial District/South Beach
2623166,Castro/Upper Market
3521297,Mission
0314001,Financial District/South Beach
0309010,Financial District/South Beach
2636COMC,Inner Sunset
4937005,Bayview Hunters Point
0775004A,Western Addition
5607047,Bernal Heights
3558011,Castro/Upper Market
3546023A,Mission
5657009B,Bernal Heights
3154024,Outer Mission
0667018,Nob Hill
3725128,South of Market
3708022,Financial District/South Beach
3606031,Castro/Upper Market
0151070,Nob Hill
2691011,Castro/Upper Market
5893020,Excelsior
2607270,Castro/Upper Market
0973055,Presidio Heights
5588A003,Bayview Hunters Point
1687015A,Outer Richmond
1654049,Inner Richmond
3543011,Castro/Upper Market
2610016,Castro/Upper Market
2618038A,Castro/Upper Market
2698013,Castro/Upper Market
0982017,Pacific Heights
4112003,Potrero Hill
2659042,Castro/Upper Market
0870003,Hayes Valley
1706038,Sunset/Parkside
0133021,North Beach
3535041,Castro/Upper Market
3180203,West of Twin Peaks
1364034,Inner Richmond
5477006,Portola
1760029,Inner Sunset
1939059,Treasure Island
1370018,Inner Richmond
1275042A,Inner Sunset
0347013,Tenderloin
3730055,South of Market
4093092,Potrero Hill
0061024A,North Beach
4956009,Bayview Hunters Point
3537093,Castro/Upper Market
6501086,Noe Valley
5738030,Bernal Heights
6744030,Glen Park
5541043,Bernal Heights
3774190,Financial District/South Beach
1183032,Hayes Valley
0689017,Western Addition
VACSTART1,Bayview Hunters Point
5372006,Bayview Hunters Point
1840017,Inner Sunset
1447017,Outer Richmond
2804033,Noe Valley
3590014,Mission
1088003,Lone Mountain/USF
1637018B,Inner Richmond
4095065,Potrero Hill
3502111,Mission
8941002,Treasure Island
1781031,Sunset/Parkside
8799TBA2,Potrero Hill
5675009,Bernal Heights
6154012,Portola
1176012,Lone Mountain/USF
1341021,Seacliff
0590014,Pacific Heights
3597055,Mission
2643022,Twin Peaks
0945015B,Marina
4605017,Bayview Hunters Point
1761035,Inner Sunset
6590004,Noe Valley
6599018,Noe Valley
4210029,Mission
1203016,Hayes Valley
8720015,Mission Bay
1641006,Inner Richmond
1377043A,Outer Richmond
4720044,Bayview Hunters Point
7156074,Outer Mission
4175003,Potrero Hill
0282004,Nob Hill
1203004,Hayes Valley
0176029,Chinatown
8904002,Treasure Island
3547002A,Mission
1184026,Lone Mountain/USF
1287009,Haight Ashbury
3035020,West of Twin Peaks
1052024,Pacific Heights
4591D058,Bayview Hunters Point
5242002,Bayview Hunters Point
3584014,Castro/Upper Market
1438015,Inner Richmond
0989030,Presidio Heights
1255011,Haight Ashbury
5423A006,Bayview Hunters Point
6580035,Noe Valley
4066021,Potrero Hill
1409025,Outer Richmond
1457013,Outer Richmond
3560090,Castro/Upper Market
1082023,Presidio Heights
4273004,Mission
0445A021,Marina
1689056,Outer Richmond
3537066,Castro/Upper Market
6542050,Noe Valley
6501079,Noe Valley
6693023,Glen Park
3154051,Outer Mission
3987009,Potrero Hill
4228158,Potrero Hill
7153013,Outer Mission
6361015,Visitacion Valley
1277001B,Haight Ashbury
1275015,Inner Sunset
4052007,Potrero Hill
8719A004,Mission Bay
6208002,Visitacion Valley
6013022B,Excelsior
4700080,Bayview Hunters Point
1421021,Inner Richmond
6747002,Outer Mission
3597062,Mission
0163027,North Beach
3731089,South of Market
2688044,Inner Sunset
5474042,Bayview Hunters Point
7541021,Glen Park
6655007,Glen Park
1224013,Haight Ashbury
4591C119,Bayview Hunters Point
4938016,Bayview Hunters Point
4624448,Bayview Hunters Point
6310011,Visitacion Valley
1939143,Treasure Island
8709011,Mission Bay
3779022,South of Market
7153012,Outer Mission
4876002,Bayview Hunters Point
6409006,Excelsior
4810033,Bayview Hunters Point
0151045,Nob Hill
1705048,Sunset/Parkside
0671006,Western Addition
0436D033,Marina
3625028,Noe Valley
3578064,Mission
0674012,Pacific Heights
1250038,Haight Ashbury
1374020B,Outer Richmond
1292020A,Inner Sunset
8799TBA3,Mission Bay
1050008,Pacific Heights
3518044,South of Market
1363024,Inner Richmond
3533017,Mission
3578083,Mission
2715041,Twin Peaks
1463005,Outer Richmond
3730103,South of Market
5614001,Bernal Heights
7537062,Glen Park
6533019,Mission
5527021,Bernal Heights
4763040,Bayview Hunters Point
1131010C,Lone Mountain/USF
4591C134,Bayview Hunters Point
6463057,Excelsior
3564073,Castro/Upper Market
0840018,Hayes Valley
0637010,Pacific Heights
1924045,Sunset/Parkside
7554008,Glen Park
2776002,Noe Valley
3548074,Mission
1473002K,Outer Richmond
1546028,Inner Richmond
3707023,Financial District/South Beach
7536033,Noe Valley
1597007,Outer Richmond
3281003,West of Twin Peaks
7542052,Glen Park
0550029A,Russian Hill
0091013A,Russian Hill
3962013,Mission
1047011,Presidio Heights
3582078,Castro/Upper Market
3705015,South of Market
3576127,Mission
0532023,Marina
1367043,Inner Richmond
2719017A,Castro/Upper Market
2700050,Castro/Upper Market
0256016,Nob Hill
6202002,Visitacion Valley
3985024,Potrero Hill
6973040,Outer Mission
3746001,Financial District/South Beach
0104017,North Beach
0089048,North Beach
4605022,Bayview Hunters Point
1269081,Haight Ashbury
4586010,Bayview Hunters Point
3702057,South of Market
3727134,South of Market
3721015A,Financial District/South Beach
1875035,Sunset/Parkside
4151020,Mission
1939172,Treasure Island
5663001,Bernal Heights
1189002B,Lone Mountain/USF
3144C048,Outer Mission
0106007,North Beach
7533COM,Glen Park
0841022,Hayes Valley
2770020C,Noe Valley
2659052,Castro/Upper Market
3542039,Castro/Upper Market
0113024,North Beach
1054026,Presidio Heights
0436D032,Marina
6235033,Visitacion Valley
3999013,Potrero Hill
0931007,Marina
0026040,Russian Hill
5313009,Bayview Hunters Point
8719C002,Mission Bay
1773005,Inner Sunset
PARKSUBL,Sunset/Parkside
1030029,Presidio Heights
0846008,Haight Ashbury
3144A040,Outer Mission
6569030,Mission
1939120,Treasure Island
3711014A,Financial District/South Beach
1049053,Pacific Heights
0793078,Hayes Valley
2754017B,Twin Peaks
4991121,Bayview Hunters Point
2611013,Castro/Upper Market
1010016,Presidio Heights
1382019,Outer Richmond
5281ROWA,Bayview Hunters Point
4148001A,Mission
1190001N,Lone Mountain/USF
1269132,Haight Ashbury
4224028,Potrero Hill
6539030,Noe Valley
1201025,Hayes Valley
0196030,Chinatown
0503021,Marina
2749038,Castro/Upper Market
2408045,West of Twin Peaks
5232002,Bayview Hunters Point
1167039,Lone Mountain/USF
3062049,West of Twin Peaks
1253005,Haight Ashbury
3794002A,Mission Bay
9900032,Financial District/South Beach
8719001,Mission Bay
1244004,Haight Ashbury
3752393,South of Market
4991618,Bayview Hunters Point
3578009A,Mission
0185032,Russian Hill
0930028,Marina
5744074,Bernal Heights
7542036,Glen Park
0466A040,Marina
1634020,Inner Richmond
0732016,Western Addition
1042029,Presidio Heights
3548057,Mission
3708057,Financial District/South Beach
7331046,Lakeshore
2614050,Castro/Upper Market
1939051,Treasure Island
5000045,Bayview Hunters Point
1935COM,Inner Sunset
4298006,Bayview Hunters Point
0041007,North Beach
0515022A,Marina
4084024,Mission
4591D140,Bayview Hunters Point
2714012D,Twin Peaks
5535035,Bernal Heights
6613006,Noe Valley
3605046,Castro/Upper Market
0843019,Hayes Valley
1668006,Outer Richmond
0239024,Financial District/South Beach
6633025,Noe Valley
3555031I,Mission
3590031,Mission
1839001N,Inner Sunset
0849035,Hayes Valley
4884037,Bayview Hunters Point
2612036A,Castro/Upper Market
0598003,Russian Hill
3568049,Mission
3753096,South of Market
3998013,Potrero Hill
4970008,Bayview Hunters Point
6664060,Glen Park
6548027,Noe Valley
1268040,Haight Ashbury
0258008,Financial District/South Beach
1386011,Outer Richmond
1003028,Pacific Heights
3552012,Mission
6514022,Mission
2692003,Castro/Upper Market
1127042,Western Addition
6616040,Noe Valley
5607044,Bernal Heights
0474010,Marina
5610A024,Bernal Heights
3632033,Mission
2347033,West of Twin Peaks
0493005,Marina
0817028,Hayes Valley
5045005,Bayview Hunters Point
1202008,Hayes Valley
3721135,Financial District/South Beach
0914001I,Marina
4596021,Bayview Hunters Point
0869038,Hayes Valley
1361006,Inner Richmond
0729044,Western Addition
5431A013,Bayview Hunters Point
1762006,Inner Sunset
6521011,Mission
3925001,Mission
3775037,Financial District/South Beach
3575065,Mission
3732100,South of Market
3578070,Mission
0676035,Pacific Heights
5559020,Bayview Hunters Point
3941032,Mission Bay
3640083,Mission
4098036H,Potrero Hill
3581005,Castro/Upper Market
1019009,Presidio Heights
2755043,Twin Peaks
1180003,Western Addition
4089040,Mission
3776150,South of Market
5550042,Bernal Heights
6173012,Visitacion Valley
1031022A,Presidio Heights
7229A001B,West of Twin Peaks
4075013,Potrero Hill
2627005,Castro/Upper Market
5347027,Bayview Hunters Point
3730072,South of Market
0466A045,Marina
3643037,Mission
3638088,Mission
4591D070,Bayview Hunters Point
6952006,Outer Mission
1828001E,Sunset/Parkside
1260056,Haight Ashbury
9900201,Financial District/South Beach
2609001,Castro/Upper Market
0497006B,Marina
5614005,Bernal Heights
3611049,Mission
8711026,Mission Bay
6521019A,Mission
4104021,Potrero Hill
1642029,Inner Richmond
0656029,Pacific Heights
7309A003,Lakeshore
0525015,Russian Hill
1743042,Inner Sunset
0503020,Marina
4598010,Bayview Hunters Point
6577034,Noe Valley
2623002,Castro/Upper Market
0813006,Tenderloin
6637051,Noe Valley
2540004,West of Twin Peaks
1939153,Treasure Island
5054AEASF,Bayview Hunters Point
3557014,Castro/Upper Market
0145032,North Beach
4052005,Potrero Hill
0517006,Marina
5046007,Bayview Hunters Point
3961007,Mission
0314013A,Financial District/South Beach
1458005,Outer Richmond
3209020C,Outer Mission
0732029,Western Addition
1191026,Lone Mountain/USF
1727001A,Sunset/Parkside
1361035,Inner Richmond
3757072,South of Market
0068046,Russian Hill
1151022,Lone Mountain/USF
6605047,Noe Valley
0074003,Russian Hill
1012014,Presidio Heights
7063A019,Outer Mission
6199036,Visitacion Valley
3620079,Noe Valley
0114038,North Beach
1143012B,Lone Mountain/USF
0660068,Pacific Heights
3564065,Castro/Upper Market
4591C671,Bayview Hunters Point
1939084,Treasure Island
4591D133,Bayview Hunters Point
3924005,Mission
0624011B,Pacific Heights
6409007,Excelsior
5404020,Bayview Hunters Point
1528046,Outer Richmond
1666024,Outer Richmond
7174029,Outer Mission
3777041,South of Market
1570020,Outer Richmond
1939157,Treasure Island
6743025,Glen Park
7174056,Outer Mission
6599023,Noe Valley
1187008,Lone Mountain/USF
4720049,Bayview Hunters Point
3619070,Noe Valley
3967002,Mission
3642007,Mission
1732041,Inner Sunset
7370002,Lakeshore
5304031,Bayview Hunters Point
5643029,Bernal Heights
3642041,Mission
3612062,Mission
4099019,Potrero Hill
3606059,Castro/Upper Market
4108019,Potrero Hill
0761065,Western Addition
3566013,Castro/Upper Market
1224025A,Haight Ashbury
6521025,Mission
4093025,Potrero Hill
4591D135,Bayview Hunters Point
0061029,North Beach
3784040,South of Market
3703084,South of Market
1893025,Sunset/Parkside
7295037,Lakeshore
3786008,South of Market
6493023,Excelsior
3601043,Castro/Upper Market
1932013,Inner Sunset
4224049,Potrero Hill
4591C214,Bayview Hunters Point
5644026,Bernal Heights
0347011,Tenderloin
3737001B,Financial District/South Beach
0041036,North Beach
4287069,Bayview Hunters Point
2622008,Castro/Upper Market
4591D021,Bayview Hunters Point
5297021,Bayview Hunters Point
3707022,Financial District/South Beach
1636001K,Inner Richmond
5517098,Bernal Heights
6131061,Portola
2692011,Castro/Upper Market
3541013,Castro/Upper Market
3154037,Outer Mission
3581035,Castro/Upper Market
6474001,Excelsior
3542031,Castro/Upper Market
7380020,Lakeshore
4591C202,Bayview Hunters Point
3541048,Castro/Upper Market
4587006,Bayview Hunters Point
1924040,Sunset/Parkside
6614014,Noe Valley
1190001Q,Lone Mountain/USF
8713003,Mission Bay
4591C560,Bayview Hunters Point
7299006,Lakeshore
1141023,Lone Mountain/USF
3749505,Financial District/South Beach
4591D030,Bayview Hunters Point
4006019,Potrero Hill
6509035A,Noe Valley
5622017,Bernal Heights
2471044,Sunset/Parkside
6545011,Noe Valley
0052009,North Beach
1185026,Lone Mountain/USF
3637019B,Mission
3564091,Castro/Upper Market
5319056,Bayview Hunters Point
2608057,Castro/Upper Market
0830033,Hayes Valley
3941037,Potrero Hill
4158001,Potrero Hill
6553025,Noe Valley
0196056,Chinatown
6580048,Noe Valley
4031044,Potrero Hill
4591C049,Bayview Hunters Point
3180214,West of Twin Peaks
4106022,Potrero Hill
3546030,Mission
1223003,Haight Ashbury
3785134,Mission Bay
0189010,Nob Hill
1458003,Outer Richmond
3564061,Castro/Upper Market
1186007C,Lone Mountain/USF
9900033H,North Beach
2863035,West of Twin Peaks
6344045,Excelsior
1087010,Lone Mountain/USF
8711227,Mission Bay
4991422,Bayview Hunters Point
4591D120,Bayview Hunters Point
8946007,Treasure Island
1939066,Treasure Island
6594004,Noe Valley
0612002,Pacific Heights
4114009,Potrero Hill
0519021,Marina
0875016,Hayes Valley
4295015,Bayview Hunters Point
0817001,Hayes Valley
1174001B,Lone Mountain/USF
1738052,Inner Sunset
1244010,Haight Ashbury
3561082,Castro/Upper Market
0634006,Pacific Heights
0857001,Hayes Valley
0852051,Hayes Valley
4624021,Bayview Hunters Point
4644010B,Bayview Hunters Point
1175029,Lone Mountain/USF
3725008,South of Market
1026019,Pacific Heights
0819013B,Hayes Valley
0327022,Financial District/South Beach
0440A004,Marina
8953003,Treasure Island
3753089,South of Market
2766027,Noe Valley
1361044,Inner Richmond
3617062,Mission
1853013,Inner Sunset
0845022,Haight Ashbury
0604034,Pacific Heights
3749501,Financial District/South Beach
3180001,West of Twin Peaks
4277006A,Mission
4263008A,Mission
3505032A,Mission
0691001,Nob Hill
4117001,Potrero Hill
5893024,Excelsior
0275007C,Nob Hill
0529016,Marina
0530007,Marina
3505053,Mission
3782010,South of Market
3600073,Castro/Upper Market
7331CMCC,Lakeshore
0999015,Pacific Heights
1561031,Outer Richmond
6597020,Bernal Heights
4224032,Potrero Hill
3538082,Castro/Upper Market
5000005,Bayview Hunters Point
1170017,Lone Mountain/USF
2751006B,Castro/Upper Market
0929003,Marina
4652028,Bayview Hunters Point
4644008,Bayview Hunters Point
0816022,Hayes Valley
3505010,Mission
2648029,Castro/Upper Market
6129031,Portola
0579015A,Pacific Heights
1550008,Inner Richmond
1939175,Treasure Island
4114002,Potrero Hill
3721069,Financial District/South Beach
4063024,Potrero Hill
1197026B,Lone Mountain/USF
1185015,Lone Mountain/USF
3765022,Financial District/South Beach
2923040,West of Twin Peaks
7539004,Glen Park
5503028,Bernal Heights
4045147,Potrero Hill
1186010,Lone Mountain/USF
3706002,Financial District/South Beach
1415003A,Outer Richmond
1167033,Lone Mountain/USF
4983025,Bayview Hunters Point
0660007,Pacific Heights
6632101,Noe Valley
6594025,Noe Valley
3608033,Mission
7095B002,Outer Mission
1386045,Outer Richmond
1728001,Sunset/Parkside
3594008,Mission
3502050,Mission
7331033,Lakeshore
2038A018,Inner Sunset
2716050,Twin Peaks
0495004,Marina
1532028,Inner Richmond
2607101,Castro/Upper Market
1716002,Sunset/Parkside
1939029,Treasure Island
6784033,Outer Mission
1177028,Lone Mountain/USF
1734038,Inner Sunset
3736002,Financial District/South Beach
0914001F,Marina
0094015,Russian Hill
8705COMA,Mission Bay
3737001,Financial District/South Beach
8710002,Mission Bay
4074028,Potrero Hill
6467012B,Excelsior
1412022,Outer Richmond
0816002,Hayes Valley
1411004A,Outer Richmond
3980010,Potrero Hill
1045014,Presidio Heights
3580062,Castro/Upper Market
0949017,Marina
3727047,South of Market
0523005A,Russian Hill
0439A011,Marina
3615054,Mission
1858020,Inner Sunset
6522001,Mission
3575033,Mission
1939082,Treasure Island
7352A001,Lakeshore
8711507,Mission Bay
0868040,Hayes Valley
0647010,Western Addition
0997003,Presidio Heights
1939165,Treasure Island
4028005,Potrero Hill
1924034,Sunset/Parkside
3834001,Mission Bay
4586002,Bayview Hunters Point
1269042,Haight Ashbury
7335011,Lakeshore
3533049,Mission
1289001,Inner Sunset
0151061,Nob Hill
0527051,Marina
4147017,Mission
1189002G,Lone Mountain/USF
0740012,Tenderloin
3598028,Mission
4852022,Bayview Hunters Point
4175022,Potrero Hill
0875017,Hayes Valley
1275045,Inner Sunset
4591C077,Bayview Hunters Point
5673026,Bernal Heights
3505050,Mission
3722021,Financial District/South Beach
4720048,Bayview Hunters Point
7114035,Oceanview/Merced/Ingleside
4161008,Potrero Hill
0868028,Hayes Valley
3653013,Noe Valley
1274013A,Inner Sunset
5350038,Bayview Hunters Point
5610A021,Bernal Heights
3579001A,Castro/Upper Market
4587001,Bayview Hunters Point
4991235,Bayview Hunters Point
5473015,Portola
3785136,Mission Bay
0635017,Pacific Heights
3739010,Financial District/South Beach
1652010C,Inner Richmond
1307002D,Seacliff
2713004,Castro/Upper Market
4591C079,Bayview Hunters Point
4207040,Mission
3521053,Mission
1332022,Seacliff
4004009,Potrero Hill
6615007,Noe Valley
5548002,Bernal Heights
5826001,Bernal Heights
4591C174,Bayview Hunters Point
1433011,Inner Richmond
2633011,Inner Sunset
2863033,West of Twin Peaks
3008050,West of Twin Peaks
5723029,Bernal Heights
2646006,Castro/Upper Market
1939124,Treasure Island
0700034,Japantown
1858012,Inner Sunset
6363002,Visitacion Valley
3837006,Mission Bay
3778029,South of Market
2627022,Castro/Upper Market
3926003,Mission
3619059,Noe Valley
1661002,Outer Richmond
2701043,Twin Peaks
7174025,Outer Mission
4106001A,Potrero Hill
7154055,Outer Mission
0474004,Marina
0930025,Marina
3566005,Castro/Upper Market
1770032B,Inner Sunset
0496012,Marina
4591D108,Bayview Hunters Point
3605038,Castro/Upper Market
1073011,Presidio Heights
2617051,Haight Ashbury
1191039,Lone Mountain/USF
5825008,Bernal Heights
1209018,Lone Mountain/USF
5027011,Bayview Hunters Point
3542024,Castro/Upper Market
5524044,Bernal Heights
3722023,Financial District/South Beach
3948002A,Mission Bay
0756017,Western Addition
6501044,Noe Valley
0061022,North Beach
2802020,Noe Valley
0847028,Haight Ashbury
3728019,South of Market
4113001,Potrero Hill
2660011E,Castro/Upper Market
1067018,Presidio Heights
1211038,Lone Mountain/USF
2413013,West of Twin Peaks
1939122,Treasure Island
3505001,Mission
6343026A,Excelsior
3027A117,West of Twin Peaks
3154055,Outer Mission
4274012,Mission
3582084,Castro/Upper Market
2042002,Inner Sunset
1407010,Outer Richmond
5670027,Bernal Heights
4045006,Potrero Hill
2614111,Castro/Upper Market
8902003,Treasure Island
0933027,Marina
1787016C,Sunset/Parkside
4991606,Bayview Hunters Point
6527049,Mission
1924022,Sunset/Parkside
0809022,Hayes Valley
3606005,Castro/Upper Market
5297022,Bayview Hunters Point
3737022,Financial District/South Beach
0596001,Russian Hill
0830002,Hayes Valley
3546015,Mission
3999014,Potrero Hill
6652022A,Glen Park
0868039,Hayes Valley
1254046,Haight Ashbury
3585018,Castro/Upper Market
2129002B,West of Twin Peaks
4720050,Bayview Hunters Point
3705033,South of Market
1223044,Haight Ashbury
2933005,West of Twin Peaks
1294035,Inner Sunset
0826016,Hayes Valley
1273017A,Haight Ashbury
1939118,Treasure Island
0184013B,Russian Hill
3561054,Castro/Upper Market
5518023,Bernal Heights
VACSTWIL,Western Addition
3762152,South of Market
3757065,South of Market
4591C149,Bayview Hunters Point
9900009,Financial District/South Beach
0507019,Marina
3602058,Castro/Upper Market
4586012,Bayview Hunters Point
7295021,Lakeshore
2819021,West of Twin Peaks
6726002,Glen Park
6618023,Noe Valley
0739008,Tenderloin
5535014,Bernal Heights
3719010,Financial District/South Beach
1635032A,Inner Richmond
1545005,Inner Richmond
7331CMJ,Lakeshore
5402068,Bayview Hunters Point
6581052,Noe Valley
1231008,Haight Ashbury
3078011,West of Twin Peaks
4100043,Potrero Hill
1355017,Inner Richmond
4591D107,Bayview Hunters Point
4624453,Bayview Hunters Point
0849002,Hayes Valley
1939156,Treasure Island
4232020,Potrero Hill
3638048,Mission
5054A104,Bayview Hunters Point
7331CMS,Lakeshore
6577028A,Noe Valley
0504010,Marina
4071007,Potrero Hill
1201020,Hayes Valley
1021006,Presidio Heights
0655002,Pacific Heights
4572006,Bayview Hunters Point
5203045,Bayview Hunters Point
1271021,Haight Ashbury
4002012,Potrero Hill
4605007,Bayview Hunters Point
4606012,Bayview Hunters Point
6685006A,Glen Park
6509041,Noe Valley
6617016,Noe Valley
7331CMZ,Lakeshore
0145036,North Beach
4624003,Bayview Hunters Point
0092036,Russian Hill
4591D028,Bayview Hunters Point
1939123,Treasure Island
4624024,Bayview Hunters Point
3583067,Castro/Upper Market
1276018,Haight Ashbury
4093059,Potrero Hill
1418040,Outer Richmond
5335ACOMD,Bayview Hunters Point
8930001,Treasure Island
4624442,Bayview Hunters Point
3749502,Financial District/South Beach
6565046,Noe Valley
1136017,Lone Mountain/USF
6592039,Noe Valley
2627035,Castro/Upper Market
2034A010,Inner Sunset
9900034,Financial District/South Beach
1744008,Inner Sunset
0025025,Russian Hill
5535015,Bernal Heights
4913022,Bayview Hunters Point
6461001,Excelsior
1760045,Inner Sunset
1211020,Lone Mountain/USF
5525028,Bernal Heights
2837014,West of Twin Peaks
5657009A,Bernal Heights
0087004,North Beach
3605069,Castro/Upper Market
2745044,Twin Peaks
2613001B,Castro/Upper Market
3736120,Financial District/South Beach
1464021,Outer Richmond
0497006A,Marina
6310010,Visitacion Valley
3756025,South of Market
4591D035,Bayview Hunters Point
3736119,Financial District/South Beach
3517035,South of Market
6599009,Noe Valley
3708177,Financial District/South Beach
8706004,Mission Bay
6529051,Mission
3581027A,Castro/Upper Market
VACSTJES2,South of Market
5549097,Bernal Heights
0829024,Hayes Valley
6659006,Glen Park
3581072,Castro/Upper Market
0519030,Marina
4621005,Bayview Hunters Point
4830015,Bayview Hunters Point
5657009,Bernal Heights
3518117,South of Market
0480001A,Marina
3518020,South of Market
7531COM,Glen Park
4805009,Bayview Hunters Point
6630037,Noe Valley
3617008A,Mission
4591A010,Bayview Hunters Point
0549019,Russian Hill
0717003,Tenderloin
0617010,Pacific Heights
3577029,Mission
0572013,Russian Hill
9900017,Financial District/South Beach
7331CMN,Lakeshore
4071015,Potrero Hill
2614112,Castro/Upper Market
5054A100,Bayview Hunters Point
1149011,Lone Mountain/USF
1385036,Outer Richmond
6619028,Noe Valley
0279011,Nob Hill
3724074,South of Market
3950003,Mission Bay
6356066,Visitacion Valley
0732018,Western Addition
5982009,Portola
8715007,Mission Bay
6931022,West of Twin Peaks
5545019,Bernal Heights
3617074,Mission
0777022,Western Addition
3505083,Mission
4028001M,Potrero Hill
1197006A,Lone Mountain/USF
4114001,Potrero Hill
5708027,Bernal Heights
1402042,Outer Richmond
6532009,Mission
3541063,Castro/Upper Market
0596106,Russian Hill
6974020,Oceanview/Merced/Ingleside
4211011,Mission
0516052,Marina
4591C138,Bayview Hunters Point
3557045,Castro/Upper Market
8953004,Treasure Island
4984002,Bayview Hunters Point
5880003,Portola
1648032,Inner Richmond
0757028,Western Addition
3584049,Castro/Upper Market
4287001A,Bayview Hunters Point
3721010,Financial District/South Beach
5065A019,Bayview Hunters Point
4645002,Bayview Hunters Point
4089008A,Mission
7295017,Lakeshore
3602076,Castro/Upper Market
3736060,Financial District/South Beach
5431A043,Bayview Hunters Point
5556018,Bernal Heights
0975008,Pacific Heights
4591D056,Bayview Hunters Point
1003050,Pacific Heights
1195007,Lone Mountain/USF
1251019,Haight Ashbury
3924004,Mission
3563013,Castro/Upper Market
6080055,Excelsior
4264025,Mission
4624060,Bayview Hunters Point
1274028,Inner Sunset
4019006A,Mission
0868005,Hayes Valley
2935012A,West of Twin Peaks
4276022,Mission
0839033,Hayes Valley
1924029,Sunset/Parkside
4591D075,Bayview Hunters Point
4591D049,Bayview Hunters Point
3538078,Castro/Upper Market
6312011,Visitacion Valley
1361020,Inner Richmond
2689027,Castro/Upper Market
4115001,Potrero Hill
6747007,Outer Mission
4031006,Potrero Hill
6665023E,Glen Park
2034A007,Inner Sunset
1227031,Haight Ashbury
4005A001,Potrero Hill
1292016,Inner Sunset
4116008,Potrero Hill
0860020,Hayes Valley
4624009,Bayview Hunters Point
3598061,Mission
0989029,Presidio Heights
1414043,Outer Richmond
6513019,Mission
0814004,Tenderloin
0512018,Marina
5335ACOMJ,Bayview Hunters Point
2350023,Sunset/Parkside
1640014,Inner Richmond
0761064,Western Addition
4224029,Potrero Hill
0819008,Hayes Valley
7326008,Lakeshore
2701033,Twin Peaks
0123002,Russian Hill
0983002,Presidio Heights
4591C051,Bayview Hunters Point
3076031,West of Twin Peaks
5598008,Bayview Hunters Point
4624037,Bayview Hunters Point
3598069,Mission
0516053,Marina
1502025D,Outer Richmond
0526009,Russian Hill
4591C673,Bayview Hunters Point
8711029,Mission Bay
1939166,Treasure Island
3583023,Castro/Upper Market
3557034A,Castro/Upper Market
3154046,Outer Mission
3622064,Noe Valley
4591D100,Bayview Hunters Point
1069012,Presidio Heights
3755022,South of Market
3601082,Castro/Upper Market
8725002,Potrero Hill
6509010,Noe Valley
1112022,Lone Mountain/USF
1559013,Outer Richmond
5240032,Bayview Hunters Point
1599017,Outer Richmond
5645001,Bernal Heights
4596019,Bayview Hunters Point
5000026,Bayview Hunters Point
1446008,Outer Richmond
0943018A,Marina
3724066,South of Market
3738014,Financial District/South Beach
1241019,Haight Ashbury
0667019,Nob Hill
1939020,Treasure Island
0804001,Hayes Valley
4501003,Bayview Hunters Point
0512020,Marina
6580001,Noe Valley
4095053,Potrero Hill
6461020,Excelsior
0860003,Hayes Valley
4068019,Potrero Hill
7178014,Oceanview/Merced/Ingleside
3726153,South of Market
4587004,Bayview Hunters Point
3749063,Financial District/South Beach
4036019,Potrero Hill
3547029,Mission
4096061,Potrero Hill
0659064,Pacific Heights
3533016,Mission
1197020,Lone Mountain/USF
6566037,Noe Valley
1250032,Haight Ashbury
3602033,Castro/Upper Market
3618031,Mission
6551022B,Noe Valley
1313024,Outer Richmond
5517078,Bernal Heights
4114005,Potrero Hill
7331CMBB,Lakeshore
9900005H,Financial District/South Beach
4110009,Potrero Hill
6729063,Glen Park
1407017,Outer Richmond
1197014,Lone Mountain/USF
5556072,Bernal Heights
2614054,Castro/Upper Market
1104010,Lone Mountain/USF
6522003,Mission
3505007,Mission
0858014,Hayes Valley
5517024,Bernal Heights
VACST22S,Potrero Hill
1386006,Outer Richmond
1457030E,Outer Richmond
6129032,Portola
3732145A,South of Market
0649020,Pacific Heights
0273012,Nob Hill
4102026,Potrero Hill
3511070,Mission
4591C177,Bayview Hunters Point
0834007,Hayes Valley
3755255,South of Market
0657011,Pacific Heights
3518017,South of Market
5867051,Excelsior
3787011,South of Market
2849007,Noe Valley
1271003,Haight Ashbury
7330012,Lakeshore
3779145,South of Market
1481018,Lincoln Park
5044002,Bayview Hunters Point
0559028,Pacific Heights
1679011A,Outer Richmond
4161013,Potrero Hill
1066014,Presidio Heights
4206033,Mission
2819031,West of Twin Peaks
6955019,Outer Mission
1386056,Outer Richmond
1369002A,Inner Richmond
4937020,Bayview Hunters Point
0605025,Pacific Heights
0572023A,Russian Hill
4591C752,Bayview Hunters Point
2747001C,Twin Peaks
3627031A,Noe Valley
2622055,Castro/Upper Market
6566042,Noe Valley
3727015,South of Market
4115002,Potrero Hill
4074029,Potrero Hill
3636041,Mission
3730024,South of Market
3725009,South of Market
1230030,Haight Ashbury
0215017,Nob Hill
1504016,Outer Richmond
5417035,Bayview Hunters Point
3941020,Potrero Hill
6526015,Mission
2712003,Castro/Upper Market
4591D005,Bayview Hunters Point
0928027,Marina
8934002,Treasure Island
4991616,Bayview Hunters Point
3588077,Mission
0816015B,Hayes Valley
7034040,Oceanview/Merced/Ingleside
3621019,Noe Valley
4587003,Bayview Hunters Point
1030017,Presidio Heights
3931A003,Mission
0859015,Hayes Valley
5867035,Excelsior
6562029,Noe Valley
0538017A,Marina
1195013,Lone Mountain/USF
0961016,Pacific Heights
5642057,Bernal Heights
4158045,Potrero Hill
1194015,Lone Mountain/USF
3787017,South of Market
1839001G,Inner Sunset
8933001,Treasure Island
2613021,Castro/Upper Market
0074021,Russian Hill
3752091,South of Market
0442A003,Marina
3651031,Noe Valley
3980007,Potrero Hill
4044002,Potrero Hill
1235008,Haight Ashbury
0861027,Haight Ashbury
3738015,Financial District/South Beach
0096001,Russian Hill
6754060,Outer Mission
2045004,Inner Sunset
2692069,Castro/Upper Market
6034035,Portola
4828001,Bayview Hunters Point
6800049,Outer Mission
3576060,Mission
2767006,Noe Valley
6565007,Noe Valley
4591A080,Bayview Hunters Point
4591C131,Bayview Hunters Point
0514026,Marina
3642058,Mission
1939127,Treasure Island
8708006,Mission Bay
7308001,Lakeshore
1524012A,Outer Richmond
4080063,Mission
4591C211,Bayview Hunters Point
2714004,Twin Peaks
4762037,Bayview Hunters Point
3730004,South of Market
4621006,Bayview Hunters Point
0910011,Marina
1256011A,Haight Ashbury
6590035,Noe Valley
2696019,Castro/Upper Market
1444033,Inner Richmond
4762036,Bayview Hunters Point
1284001,Haight Ashbury
0559006,Pacific Heights
1275004,Inner Sunset
1669001,Outer Richmond
3576035,Mission
3533024,Mission
3728024,South of Market
7331030,Lakeshore
1441009,Inner Richmond
6583028,Noe Valley
3637013,Mission
4209032,Mission
4591C066,Bayview Hunters Point
7092070,Oceanview/Merced/Ingleside
3732082,South of Market
3587045,Mission
0678024,Pacific Heights
7380024,Lakeshore
3621040,Noe Valley
5250024,Bayview Hunters Point
4791007,Bayview Hunters Point
6764010,West of Twin Peaks
5431A001,Bayview Hunters Point
1269142,Haight Ashbury
1924016,Sunset/Parkside
4287022,Bayview Hunters Point
3144B027B,Outer Mission
6013024,Excelsior
3534054,Mission
1639039,Inner Richmond
2646014,Castro/Upper Market
3540104,Castro/Upper Market
4653012,Bayview Hunters Point
3537038,Castro/Upper Market
1939149,Treasure Island
1939094,Treasure Island
6511025,Mission
5893022,Excelsior
6235034,Visitacion Valley
1031022,Presidio Heights
0858005B,Hayes Valley
6565040,Noe Valley
0742007,Tenderloin
3538004,Castro/Upper Market
5402049,Bayview Hunters Point
1939115,Treasure Island
4085026,Mission
3705012,South of Market
1433012,Inner Richmond
2621044,Castro/Upper Market
5016005,Bayview Hunters Point
3786038,South of Market
7534COM,Glen Park
7308113,Lakeshore
6549021,Noe Valley
4283BCOMK,Potrero Hill
4093094,Potrero Hill
3653004,Noe Valley
4111006,Potrero Hill
1313020,Outer Richmond
4598002,Bayview Hunters Point
5062011,Bayview Hunters Point
1180014,Western Addition
5549108,Bernal Heights
5697038,Bernal Heights
1939067,Treasure Island
1282005,Haight Ashbury
3598021,Mission
5806025,Bernal Heights
1369001E,Inner Richmond
7331CMV,Lakeshore
0869007,Hayes Valley
5641025,Bernal Heights
1029002,Pacific Heights
0151011,Nob Hill
6549030,Noe Valley
3637049,Mission
1763007,Inner Sunset
0570018,Pacific Heights
1467007,Outer Richmond
4232011,Potrero Hill
5723012,Bernal Heights
6524004,Mission
3607008,Mission
2130A005,Inner Sunset
4591C076,Bayview Hunters Point
0122017,Russian Hill
0101003,Chinatown
1541003,Inner Richmond
4039019,Potrero Hill
3180200,West of Twin Peaks
3515012,Mission
8720017,Mission Bay
8711016,Mission Bay
0100020,Russian Hill
4622019,Bayview Hunters Point
3557062,Castro/Upper Market
4591D063,Bayview Hunters Point
7535100,Noe Valley
3541077,Castro/Upper Market
6374036,Visitacion Valley
1259023A,Haight Ashbury
3911001,Mission Bay
4991256,Bayview Hunters Point
3613023A,Mission
0599128,Pacific Heights
4273005,Mission
0985016,Presidio Heights
6612020,Noe Valley
1188013B,Lone Mountain/USF
1253001,Haight Ashbury
3597017,Mission
1717040,Sunset/Parkside
3508013,South of Market
5721078,Bernal Heights
4591C221,Bayview Hunters Point
0331003,Tenderloin
1530012A,Outer Richmond
4587015,Bayview Hunters Point
4264005,Mission
1765028,Inner Sunset
3502058,Mission
6532033,Mission
2634A012,Inner Sunset
2654029,Castro/Upper Market
6536005,Noe Valley
2700006,Castro/Upper Market
6946061,Oceanview/Merced/Ingleside
4591C072,Bayview Hunters Point
4598014,Bayview Hunters Point
0181013,Nob Hill
4591C105,Bayview Hunters Point
6531026B,Mission
3583083,Castro/Upper Market
2622059,Castro/Upper Market
3598059,Mission
4852018,Bayview Hunters Point
2625007A,Castro/Upper Market
6312008,Visitacion Valley
1417024,Outer Richmond
3078007,West of Twin Peaks
3729065,South of Market
1043019,Presidio Heights
3702038,South of Market
2614010,Castro/Upper Market
0914005C,Marina
6664031,Glen Park
1355003,Inner Richmond
1260038,Haight Ashbury
0504017,Marina
3627004,Noe Valley
4884026,Bayview Hunters Point
0248005,Nob Hill
6590034,Noe Valley
7102026,Outer Mission
5535034,Bernal Heights
6533004,Mission
6314002,Visitacion Valley
5527042,Bernal Heights
7032A036,Outer Mission
4572004,Bayview Hunters Point
1190001H,Lone Mountain/USF
3578072,Mission
9900050H,Mission Bay
2651024,Castro/Upper Market
4591D045,Bayview Hunters Point
1839001M,Inner Sunset
3755054,South of Market
0929039,Marina
1142005,Lone Mountain/USF
4606014,Bayview Hunters Point
4004023,Potrero Hill
1002034,Pacific Heights
0073002A,Russian Hill
3760114,South of Market
3580026,Castro/Upper Market
8943001,Treasure Island
4096092,Potrero Hill
3596064,Mission
5000004,Bayview Hunters Point
0419A008,Marina
9900336,Mission Bay
6469017,Excelsior
0803026,Hayes Valley
6601028,Noe Valley
5721050,Bernal Heights
6665065,Glen Park
1560010A,Outer Richmond
0641003,Pacific Heights
9900048,Mission Bay
7518015,Noe Valley
3733108,South of Market
4991278,Bayview Hunters Point
4991620,Bayview Hunters Point
0481039,Marina
1029003,Pacific Heights
3144B036,Outer Mission
2837007,West of Twin Peaks
3618009,Mission
1650016,Inner Richmond
6620032,Noe Valley
6736029,Glen Park
3534038,Mission
1195017B,Lone Mountain/USF
1288005,Haight Ashbury
4591D113,Bayview Hunters Point
0436C005,Marina
2692043,Castro/Upper Market
4591C139,Bayview Hunters Point
4591C203,Bayview Hunters Point
1637018,Inner Richmond
0867030,Hayes Valley
6528014,Mission
0490028,Marina
5005003,Bayview Hunters Point
3602056,Castro/Upper Market
4587009,Bayview Hunters Point
1728049,Sunset/Parkside
0216COM,Russian Hill
1052014,Pacific Heights
7331104,Lakeshore
4572003,Bayview Hunters Point
4143004,Mission
2819004,West of Twin Peaks
1939139,Treasure Island
4029001,Potrero Hill
5045004,Bayview Hunters Point
1525007,Outer Richmond
0983018,Presidio Heights
0049006,Russian Hill
3078029,West of Twin Peaks
6511001A,Mission
0512019,Marina
0094016,Russian Hill
5000011,Bayview Hunters Point
0860057,Hayes Valley
0196008,Chinatown
2828016A,Noe Valley
5657050,Bernal Heights
2611025,Castro/Upper Market
4591D111,Bayview Hunters Point
1201011,Hayes Valley
1642028,Inner Richmond
2701A011,Twin Peaks
0866019,Haight Ashbury
4275002,Mission
6345023,Excelsior
4591D080,Bayview Hunters Point
3600061C,Castro/Upper Market
3611048,Mission
1208030,Lone Mountain/USF
5350010,Bayview Hunters Point
2712004A,Castro/Upper Market
7501COM,Noe Valley
3547011,Mission
3777175,South of Market
8720016,Mission Bay
3600111,Castro/Upper Market
1801052,Sunset/Parkside
8727007,Potrero Hill
5965007,Excelsior
5000024,Bayview Hunters Point
0793036,Hayes Valley
6944041,Oceanview/Merced/Ingleside
7331CML,Lakeshore
0862009,Haight Ashbury
1030020,Presidio Heights
3650010,Noe Valley
0183033,Nob Hill
3537135,Castro/Upper Market
2968A013A,West of Twin Peaks
3729083,South of Market
3775007,Financial District/South Beach
1425003,Inner Richmond
7036021,Oceanview/Merced/Ingleside
5027010,Bayview Hunters Point
1153054,Western Addition
4805008,Bayview Hunters Point
1557018,Outer Richmond
3534032,Mission
8901004,Treasure Island
5046012,Bayview Hunters Point
1939041,Treasure Island
0655008,Pacific Heights
3702056,South of Market
3600002,Castro/Upper Market
1939152,Treasure Island
1042024,Presidio Heights
1187013,Lone Mountain/USF
0842011,Hayes Valley
1715016,Sunset/Parkside
0662016,Pacific Heights
4991611,Bayview Hunters Point
5598015,Bayview Hunters Point
5721032,Bernal Heights
3602074,Castro/Upper Market
7141017B,Outer Mission
0822024,Hayes Valley
0166004,Financial District/South Beach
0655009,Pacific Heights
0123006,Russian Hill
6605046,Noe Valley
1159019,Lone Mountain/USF
4991605,Bayview Hunters Point
1651020,Inner Richmond
5262003,Bayview Hunters Point
0828009,Hayes Valley
0973053,Presidio Heights
0807012,Hayes Valley
8711015,Mission Bay
1038038,Presidio Heights
0480028,Marina
3721108,Financial District/South Beach
6131062,Portola
2653007,Castro/Upper Market
0984013,Presidio Heights
7154053,Outer Mission
2778061,Twin Peaks
4591D018,Bayview Hunters Point
0436B008,Marina
3648019,Mission
3594061,Mission
4720053,Bayview Hunters Point
1355016,Inner Richmond
4591D128,Bayview Hunters Point
0785053,Hayes Valley
4605001,Bayview Hunters Point
4591C128,Bayview Hunters Point
3984005,Potrero Hill
4264028,Mission
6968013,Outer Mission
4002017A,Potrero Hill
1211037,Lone Mountain/USF
0239002,Financial District/South Beach
0834022,Hayes Valley
6605043,Noe Valley
4175024,Potrero Hill
0732022,Western Addition
4711COM,Bayview Hunters Point
3638086,Mission
3785029,Mission Bay
4991061,Bayview Hunters Point
1673029,Outer Richmond
4064021A,Potrero Hill
0596107,Russian Hill
3736004,Financial District/South Beach
1762052,Inner Sunset
5000006,Bayview Hunters Point
3578080,Mission
3544073D,Castro/Upper Market
6656036,Glen Park
0871015,Hayes Valley
3558037,Castro/Upper Market
4094066,Potrero Hill
7145089,Outer Mission
1511041,Outer Richmond
6532044,Mission
4264010,Mission
1505014,Outer Richmond
4991614,Bayview Hunters Point
4207034,Mission
2630020,Inner Sunset
2347036,West of Twin Peaks
3775071,Financial District/South Beach
0862015,Haight Ashbury
4209033,Mission
2717047,Castro/Upper Market
1939058,Treasure Island
7366002,Lakeshore
1176030,Lone Mountain/USF
0346011,Tenderloin
0868003,Hayes Valley
7552026,Glen Park
1595007,Outer Richmond
5614002,Bernal Heights
4591C223,Bayview Hunters Point
3144A028,Outer Mission
3558015A,Castro/Upper Market
3736078A,Financial District/South Beach
1625006,Outer Richmond
6615008,Noe Valley
2646015,Castro/Upper Market
3615071,Mission
0075001,North Beach
1042025,Presidio Heights
3538013,Castro/Upper Market
1385018,Outer Richmond
5550045,Bernal Heights
4291017,Bayview Hunters Point
3998019,Potrero Hill
6552007,Noe Valley
3505016,Mission
3154072,Outer Mission
0978037,Pacific Heights
4876017,Bayview Hunters Point
4624042,Bayview Hunters Point
3746003,Financial District/South Beach
7381CMB1,Lakeshore
3739004,Financial District/South Beach
4093115,Potrero Hill
7331050,Lakeshore
3708020,Financial District/South Beach
4271011,Mission
1242003A,Haight Ashbury
3721083,Financial District/South Beach
3725125,South of Market
3606047,Castro/Upper Market
1582034A,Outer Richmond
1939129,Treasure Island
3613041,Mission
3634024,Mission
5005005,Bayview Hunters Point
4224153,Potrero Hill
5335ACOMO,Bayview Hunters Point
0516023,Marina
1081055,Presidio Heights
0866021,Haight Ashbury
0549005,Russian Hill
0858068,Hayes Valley
5330057,Bayview Hunters Point
1276001H,Haight Ashbury
5477005,Bayview Hunters Point
1204015,Hayes Valley
3545024,Mission
4924007,Bayview Hunters Point
4922005,Bayview Hunters Point
4922002,Bayview Hunters Point
4927003,Bayview Hunters Point
4927010,Bayview Hunters Point
4922008,Bayview Hunters Point
4927004,Bayview Hunters Point
4924011,Bayview Hunters Point
4926001,Bayview Hunters Point
4927014,Bayview Hunters Point
4921002,Bayview Hunters Point
4924003,Bayview Hunters Point
4925010,Bayview Hunters Point
4922004,Bayview Hunters Point
4927012,Bayview Hunters Point
4922015,Bayview Hunters Point
4922018,Bayview Hunters Point
4922022,Bayview Hunters Point
4922021,Bayview Hunters Point
4923013,Bayview Hunters Point
4924005,Bayview Hunters Point
4924006,Bayview Hunters Point
4924012,Bayview Hunters Point
4925012,Bayview Hunters Point
4927007,Bayview Hunters Point
4925001,Bayview Hunters Point
4924010,Bayview Hunters Point
4927008,Bayview Hunters Point
4922007,Bayview Hunters Point
4923011,Bayview Hunters Point
4922011,Bayview Hunters Point
4922017,Bayview Hunters Point
4924001,Bayview Hunters Point
4927009,Bayview Hunters Point
4921003,Bayview Hunters Point
4921001,Bayview Hunters Point
4902016,Bayview Hunters Point
4927013,Bayview Hunters Point
4922024,Bayview Hunters Point
4925011,Bayview Hunters Point
4925013,Bayview Hunters Point
4922016,Bayview Hunters Point
4927001,Bayview Hunters Point
4924009,Bayview Hunters Point
4925009,Bayview Hunters Point
4924008,Bayview Hunters Point
4927005,Bayview Hunters Point
4922001,Bayview Hunters Point
4924002,Bayview Hunters Point
4925008,Bayview Hunters Point
4922006,Bayview Hunters Point
4928006,Bayview Hunters Point
4922003,Bayview Hunters Point
4922020,Bayview Hunters Point
4923012,Bayview Hunters Point
4927011,Bayview Hunters Point
4922019,Bayview Hunters Point
4927002,Bayview Hunters Point
4922009,Bayview Hunters Point
4922010,Bayview Hunters Point
4922013,Bayview Hunters Point
4922014,Bayview Hunters Point
4922012,Bayview Hunters Point
4922023,Bayview Hunters Point
4927006,Bayview Hunters Point
5250025,Bayview Hunters Point
6781047,Outer Mission
0517036,Marina
6361011,Visitacion Valley
0639003,Pacific Heights
1648017,Inner Richmond
4939015B,Bayview Hunters Point
6428004,Excelsior
2647025,Castro/Upper Market
1540032,Inner Richmond
1451040,Outer Richmond
3583088,Castro/Upper Market
7331CMG,Lakeshore
1215017,Hayes Valley
3633029,Mission
6208019,Visitacion Valley
1199014,Lone Mountain/USF
8711024,Mission Bay
6612022,Noe Valley
0836012,Hayes Valley
0090018,Chinatown
4268006,Mission
3740035,Financial District/South Beach
5473016,Portola
2623074,Castro/Upper Market
4591D094,Bayview Hunters Point
4991OS4,Bayview Hunters Point
4093010,Potrero Hill
0101015,Chinatown
7331119,Lakeshore
5447055,Bayview Hunters Point
0847037,Haight Ashbury
0031001,North Beach
1431038,Inner Richmond
4596015,Bayview Hunters Point
0828011,Hayes Valley
8704001,Mission Bay
2652016,Castro/Upper Market
3544072,Castro/Upper Market
0611003,Pacific Heights
1606007,Outer Richmond
3611041,Mission
1259022,Haight Ashbury
1734035,Inner Sunset
5628046,Bernal Heights
5525013,Bernal Heights
0794008,Hayes Valley
7063B021,Outer Mission
3630021,Noe Valley
1073005,Presidio Heights
0595016,Russian Hill
2688050,Inner Sunset
5286A006,Bayview Hunters Point
1211035,Lone Mountain/USF
8799TBA1,Mission Bay
0742004,Tenderloin
1502005A,Outer Richmond
0838032,Hayes Valley
1153053,Western Addition
4065005,Potrero Hill
0188016,Nob Hill
5518002,Bernal Heights
7536037,Noe Valley
1012021,Presidio Heights
0511009,Marina
6235014,Visitacion Valley
3705017,South of Market
6356064,Visitacion Valley
3558129,Castro/Upper Market
6600010,Noe Valley
0846003,Haight Ashbury
7331102,Lakeshore
6634026,Noe Valley
3521056,Mission
1198032,Lone Mountain/USF
1432010,Inner Richmond
4591A077,Bayview Hunters Point
0067017,Russian Hill
0866006,Haight Ashbury
0024011A,Russian Hill
0551003,Marina
7331099,Lakeshore
3721019,Financial District/South Beach
3600035,Castro/Upper Market
3560006,Castro/Upper Market
1924011,Sunset/Parkside
2609047,Castro/Upper Market
4268036,Mission
1404041,Outer Richmond
0025026,Russian Hill
1386022C,Outer Richmond
5641022,Bernal Heights
3154027,Outer Mission
0196020,Chinatown
1894041,Sunset/Parkside
3587048,Mission
3564161,Castro/Upper Market
0817030,Hayes Valley
3549018A,Mission
3639135,Mission
0856007,Hayes Valley
3747001E,Financial District/South Beach
4938015,Bayview Hunters Point
0516027C,Marina
3758121,South of Market
3566025,Castro/Upper Market
4059001A,Potrero Hill
0331002,Tenderloin
4807028,Bayview Hunters Point
0120021A,Russian Hill
0854001,Hayes Valley
0818020,Hayes Valley
8715006,Mission Bay
1609024A,Outer Richmond
3027A116,West of Twin Peaks
1142029,Lone Mountain/USF
3721134,Financial District/South Beach
1054005,Presidio Heights
1231029,Haight Ashbury
6745026,Glen Park
1252021,Haight Ashbury
3558014,Castro/Upper Market
4591D037,Bayview Hunters Point
0811016,Tenderloin
4591D078,Bayview Hunters Point
3729076,South of Market
3180213,West of Twin Peaks
0279014,Nob Hill
0954004,Pacific Heights
3650029,Noe Valley
0936018,Marina
4596018,Bayview Hunters Point
0819013A,Hayes Valley
0855051,Hayes Valley
4100075,Potrero Hill
6639026,Noe Valley
6738025,Glen Park
0028009,North Beach
0106067,North Beach
1183008,Hayes Valley
4829006,Bayview Hunters Point
0519013,Marina
4884033,Bayview Hunters Point
3537078,Castro/Upper Market
6581022,Noe Valley
0501023,Russian Hill
5438027,Portola
1374020F,Outer Richmond
2696006,Castro/Upper Market
2121A042,Inner Sunset
6726014,Glen Park
0564001,Pacific Heights
2654017,Castro/Upper Market
0041034,North Beach
4172054,Potrero Hill
7553039,Glen Park
0442A026,Marina
3775027,Financial District/South Beach
0928007,Marina
1163012,Lone Mountain/USF
2764013,Twin Peaks
1073008,Presidio Heights
0281003,Nob Hill
3737024,Financial District/South Beach
2692018,Castro/Upper Market
6521061,Mission
6494001,Excelsior
1939173,Treasure Island
5715004,Bernal Heights
6769049,West of Twin Peaks
6600015,Noe Valley
4991C001,Bayview Hunters Point
0676033,Pacific Heights
4214024,Mission
0825025,Hayes Valley
4228016,Potrero Hill
3589023,Mission
9900015,Financial District/South Beach
7330014,Lakeshore
1250020,Haight Ashbury
7331053,Lakeshore
3612013,Mission
6772046,West of Twin Peaks
7552022,Glen Park
1291004,Inner Sunset
0494013A,Marina
1939136,Treasure Island
2690024,Castro/Upper Market
1223023,Haight Ashbury
2034A021,Inner Sunset
0695005,Western Addition
1020052,Presidio Heights
3541049,Castro/Upper Market
4912018,Bayview Hunters Point
0947004,Marina
6655014,Glen Park
0536004,Marina
6665048,Glen Park
VACSTART2,Bayview Hunters Point
6706027,West of Twin Peaks
0803001D,Hayes Valley
1572025,Outer Richmond
1764027,Inner Sunset
0849006,Hayes Valley
6521029,Mission
5066B008,Bayview Hunters Point
1865020A,Sunset/Parkside
3784007,South of Market
5504001H,Bernal Heights
7331CMR,Lakeshore
4591C191,Bayview Hunters Point
3702A005,South of Market
4937016,Bayview Hunters Point
4970040,Bayview Hunters Point
3554035,Mission
1939150,Treasure Island
4624004,Bayview Hunters Point
4094006,Potrero Hill
0868029,Hayes Valley
2719038,Castro/Upper Market
3721020,Financial District/South Beach
5918026,Portola
6600012A,Noe Valley
5529020,Bernal Heights
1114027,Lone Mountain/USF
2125004L,Inner Sunset
1024009,Pacific Heights
1293010,Inner Sunset
1014026,Presidio Heights
6513014,Mission
0842013,Hayes Valley
0565024,Pacific Heights
1549049,Inner Richmond
3602044,Castro/Upper Market
4606017,Bayview Hunters Point
0312003,Financial District/South Beach
5972039,Portola
1213005,Lone Mountain/USF
6614028,Noe Valley
1244008,Haight Ashbury
6633031,Noe Valley
3596060,Mission
4591C208,Bayview Hunters Point
3703040,South of Market
1197024,Lone Mountain/USF
6563017,Noe Valley
0982029,Pacific Heights
0675041,Pacific Heights
0528009C,Marina
1255001,Haight Ashbury
3505048,Mission
4011007,Potrero Hill
6501011,Noe Valley
5230009,Bayview Hunters Point
1021024,Presidio Heights
0472025,Marina
3753042,South of Market
3519063,South of Market
3580045,Castro/Upper Market
4624025,Bayview Hunters Point
0822014,Hayes Valley
2034A039,Inner Sunset
0511017,Marina
7381CMB4,Lakeshore
2717004C,Castro/Upper Market
1014005,Presidio Heights
1854024,Inner Sunset
3562023,Castro/Upper Market
4591C182,Bayview Hunters Point
6494067,Excelsior
0282001,Nob Hill
5421012,Bayview Hunters Point
1107007,Lone Mountain/USF
0577010B,Pacific Heights
1018004C,Presidio Heights
3980006,Potrero Hill
0115006,North Beach
1351007,Inner Richmond
3732092,South of Market
0253009,Nob Hill
